gmDate,seasonType,season,teamWins,teamLosses,teamAbbr,teamLoc,teamRslt,teamDayOff,teamPTS,teamAST,teamTO,teamMin,teamSTL,teamBLK,teamPF,teamFGA,teamFGM,teamFG%,team2PA,team2PM,team2P%,team3PA,team3PM,team3P%,teamFTA,teamFTM,teamFT%,teamORB,teamDRB,teamTRB,teamTREB%,teamASST%,teamTS%,teamEFG%,teamOREB%,teamDREB%,teamTO%,teamSTL%,teamBLK%,teamBLKR,teamPPS,teamFIC,teamFIC40,teamOrtg,teamDrtg,teamEDiff,teamPlay%,teamAR,teamPoss,teamAST/TO,teamPace,teamSTL/TO,opptWins,opptLosses,opptAbbr,opptLoc,opptRslt,opptDayOff,opptPTS,opptAST,opptTO,opptMin,opptSTL,opptBLK,opptPF,opptFGA,opptFGM,opptFG%,oppt2PA,oppt2PM,oppt2P%,oppt3PA,oppt3PM,oppt3P%,opptFTA,opptFTM,opptFT%,opptORB,opptDRB,opptTRB,opptTREB%,opptASST%,opptTS%,opptEFG%,opptOREB%,opptDREB%,opptTO%,opptSTL%,opptBLK%,opptBLKR,opptPPS,opptFIC,opptFIC40,opptOrtg,opptDrtg,opptEDiff,opptPlay%,opptAR,opptAST/TO,opptSTL/TO,opptPoss,opptPace,matchWinner
1998-06-11,Regular,1998,0,0,WAS,Away,Loss,0,57.0,14.0,23.0,200.0,5.0,0.0,20.0,54.0,22.0,0.41,47.0,20.0,14.96,7.0,2.0,0.29,17.0,11.0,0.65,9.0,15.0,24.0,48.00,0.64,0.49,0.43,31.03,71.43,27.23,9.26,0.00,0.00,1.06,16.38,16.38,105.58,153.73,-48.15,0.32,16.76,53.99,0.61,64.79,0.22,0,0,CHA,Home,Win,0,83.0,22.0,12.0,200.0,17.0,3.0,16.0,59.0,33.0,0.56,46.0,29.0,19.93,13.0,4.0,0.31,21.0,13.0,0.62,6.0,20.0,26.0,52.00,0.67,0.65,0.59,28.57,68.97,14.96,23.29,4.11,6.38,1.41,73.88,73.88,113.73,78.10,35.63,0.51,26.27,1.83,1.42,72.98,87.58,CHA
1998-06-11,Regular,1998,0,0,NYL,Away,Loss,0,71.0,13.0,19.0,200.0,12.0,2.0,25.0,59.0,28.0,0.47,47.0,24.0,15.93,12.0,4.0,0.33,20.0,11.0,0.55,10.0,15.0,25.0,50.00,0.46,0.56,0.51,32.26,78.95,21.89,20.34,3.39,4.76,1.20,36.00,36.00,120.36,132.23,-11.87,0.41,15.82,58.99,0.68,70.79,0.63,0,0,CLE,Home,Win,0,78.0,23.0,20.0,200.0,9.0,4.0,21.0,47.0,27.0,0.57,42.0,24.0,21.94,5.0,3.0,0.60,27.0,21.0,0.78,4.0,21.0,25.0,50.00,0.85,0.74,0.61,21.05,67.74,25.35,12.10,5.38,8.51,1.66,57.88,57.88,104.87,95.46,9.41,0.43,29.44,1.15,0.45,74.38,89.26,CLE
1998-06-11,Regular,1998,0,0,PHO,Away,Win,0,73.0,22.0,23.0,200.0,7.0,1.0,24.0,54.0,27.0,0.50,41.0,23.0,13.93,13.0,4.0,0.31,24.0,15.0,0.62,11.0,17.0,28.0,54.90,0.81,0.62,0.54,40.74,70.83,26.27,12.97,1.85,2.27,1.35,42.25,42.25,135.21,129.65,5.56,0.41,24.88,53.99,0.96,64.79,0.30,0,0,SAC,Home,Loss,0,70.0,16.0,18.0,200.0,9.0,1.0,28.0,57.0,24.0,0.42,44.0,20.0,10.93,13.0,4.0,0.31,23.0,18.0,0.78,7.0,16.0,23.0,45.10,0.67,0.56,0.46,29.17,59.26,21.15,12.25,1.36,2.44,1.23,31.62,31.62,95.30,99.39,-4.09,0.35,19.78,0.89,0.50,73.45,88.14,PHO
1998-06-11,Regular,1998,0,0,LAS,Away,Win,0,89.0,24.0,15.0,200.0,9.0,5.0,28.0,73.0,32.0,0.44,58.0,26.0,16.92,15.0,6.0,0.40,24.0,19.0,0.79,12.0,23.0,35.0,48.61,0.75,0.57,0.48,31.58,67.65,15.22,12.33,6.85,10.20,1.22,63.50,63.50,121.93,113.71,8.22,0.42,23.66,72.99,1.60,87.59,0.60,0,0,UTA,Home,Loss,0,83.0,16.0,18.0,200.0,8.0,9.0,25.0,63.0,24.0,0.38,49.0,19.0,9.92,14.0,5.0,0.36,36.0,30.0,0.83,11.0,26.0,37.0,51.39,0.67,0.59,0.42,32.35,68.42,18.59,9.64,10.84,15.52,1.32,55.25,55.25,100.01,107.24,-7.23,0.34,19.71,0.89,0.44,82.99,99.59,LAS
1998-06-13,Regular,1998,1,0,CHA,Away,Win,1,78.0,18.0,14.0,200.0,5.0,2.0,17.0,59.0,27.0,0.46,50.0,21.0,17.90,9.0,6.0,0.67,29.0,18.0,0.62,9.0,28.0,37.0,48.68,0.67,0.60,0.51,25.71,68.29,16.32,8.48,3.39,3.85,1.32,55.38,55.38,132.23,116.97,15.26,0.42,23.01,58.99,1.29,70.79,0.36,0,0,DET,Home,Loss,0,69.0,18.0,14.0,200.0,6.0,2.0,26.0,73.0,27.0,0.37,52.0,21.0,5.92,21.0,6.0,0.29,13.0,9.0,0.69,13.0,26.0,39.0,51.32,0.67,0.45,0.41,31.71,74.29,15.10,7.92,2.64,4.00,0.95,40.88,40.88,91.04,102.92,-11.88,0.36,18.13,1.29,0.43,75.79,90.95,CHA
1998-06-13,Regular,1998,0,1,NYL,Away,Loss,1,62.0,15.0,21.0,200.0,13.0,3.0,23.0,60.0,24.0,0.40,47.0,20.0,10.93,13.0,4.0,0.31,14.0,10.0,0.71,8.0,12.0,20.0,38.46,0.62,0.49,0.43,28.57,50.00,24.09,21.67,5.00,7.69,1.03,27.25,27.25,103.35,121.69,-18.34,0.33,16.70,59.99,0.71,71.99,0.62,0,0,HOU,Home,Win,0,73.0,15.0,25.0,200.0,17.0,4.0,23.0,54.0,25.0,0.46,39.0,19.0,9.89,15.0,6.0,0.40,24.0,17.0,0.71,12.0,20.0,32.0,61.54,0.60,0.62,0.52,50.00,71.43,27.91,22.09,5.20,8.51,1.35,50.00,50.00,94.85,80.56,14.29,0.37,17.98,0.60,0.68,76.96,92.35,HOU
1998-06-13,Regular,1998,0,1,WAS,Away,Loss,1,77.0,14.0,24.0,200.0,11.0,5.0,20.0,54.0,27.0,0.50,46.0,23.0,18.93,8.0,4.0,0.50,30.0,19.0,0.63,11.0,24.0,35.0,54.69,0.52,0.64,0.54,36.67,70.59,26.32,20.37,9.26,10.64,1.43,50.25,50.25,142.62,144.47,-1.85,0.40,17.77,53.99,0.58,64.79,0.46,0,1,UTA,Home,Win,1,78.0,20.0,20.0,200.0,12.0,3.0,29.0,64.0,28.0,0.44,47.0,18.0,10.84,17.0,10.0,0.59,17.0,12.0,0.71,10.0,19.0,29.0,45.31,0.71,0.58,0.52,29.41,63.33,21.86,15.48,3.87,6.52,1.22,48.38,48.38,100.62,99.33,1.29,0.38,20.72,1.00,0.60,77.52,93.02,UTA
1998-06-14,Regular,1998,1,0,LAS,Away,Loss,2,60.0,12.0,19.0,200.0,7.0,1.0,29.0,58.0,22.0,0.38,46.0,21.0,9.98,12.0,1.0,0.08,18.0,15.0,0.83,11.0,27.0,38.0,59.38,0.55,0.48,0.39,39.29,75.00,22.37,12.07,1.72,2.22,1.03,27.50,27.50,103.47,120.71,-17.24,0.33,14.80,57.99,0.63,69.59,0.37,1,0,PHO,Home,Win,2,70.0,17.0,13.0,200.0,10.0,2.0,19.0,53.0,21.0,0.40,45.0,18.0,12.94,8.0,3.0,0.38,34.0,25.0,0.74,9.0,17.0,26.0,40.62,0.81,0.58,0.42,25.00,60.71,16.06,14.76,2.95,4.35,1.32,45.75,45.75,103.32,88.56,14.76,0.37,24.99,1.31,0.77,67.75,81.30,PHO
1998-06-15,Regular,1998,1,0,HOU,Away,Win,1,79.0,10.0,15.0,200.0,9.0,3.0,21.0,60.0,27.0,0.45,42.0,21.0,8.90,18.0,6.0,0.33,26.0,19.0,0.73,8.0,24.0,32.0,47.06,0.37,0.60,0.50,27.59,61.54,17.35,15.00,5.00,5.36,1.32,46.75,46.75,131.69,108.35,23.34,0.40,13.59,59.99,0.67,71.99,0.60,2,0,CHA,Home,Loss,1,65.0,17.0,15.0,200.0,4.0,5.0,24.0,68.0,24.0,0.35,56.0,21.0,11.96,12.0,3.0,0.25,21.0,14.0,0.67,15.0,21.0,36.0,52.94,0.71,0.45,0.38,38.46,72.41,16.26,5.57,6.97,11.90,0.96,35.88,35.88,90.55,110.06,-19.51,0.35,18.73,1.13,0.27,71.78,86.14,HOU
1998-06-15,Regular,1998,1,0,CLE,Away,Win,3,96.0,20.0,10.0,200.0,11.0,4.0,26.0,65.0,38.0,0.58,59.0,35.0,31.95,6.0,3.0,0.50,22.0,17.0,0.77,5.0,18.0,23.0,36.51,0.53,0.69,0.61,17.86,51.43,11.81,16.93,6.15,7.41,1.48,69.50,69.50,147.72,130.79,16.93,0.54,23.44,64.99,2.00,77.99,1.10,0,1,DET,Home,Loss,1,85.0,17.0,17.0,200.0,4.0,0.0,24.0,68.0,31.0,0.46,54.0,25.0,16.91,14.0,6.0,0.43,30.0,17.0,0.57,17.0,23.0,40.0,63.49,0.55,0.57,0.50,48.57,82.14,17.31,4.99,0.00,0.00,1.25,49.00,49.00,106.02,119.75,-13.73,0.46,19.14,1.00,0.24,80.17,96.20,CLE
1998-06-15,Regular,1998,0,2,WAS,Away,Loss,1,54.0,12.0,26.0,200.0,7.0,0.0,29.0,47.0,21.0,0.45,37.0,18.0,10.94,10.0,3.0,0.30,17.0,9.0,0.53,8.0,18.0,26.0,46.43,0.57,0.53,0.48,28.57,64.29,32.31,14.90,0.00,0.00,1.15,12.38,12.38,114.92,146.84,-31.92,0.32,15.48,46.99,0.46,56.39,0.27,2,0,PHO,Home,Win,0,69.0,13.0,20.0,200.0,12.0,1.0,24.0,55.0,24.0,0.44,47.0,24.0,16.00,8.0,0.0,0.00,29.0,21.0,0.72,10.0,20.0,30.0,53.57,0.54,0.56,0.44,35.71,71.43,22.79,15.89,1.32,2.70,1.25,35.88,35.88,91.34,71.49,19.85,0.37,17.28,0.65,0.60,75.54,90.65,PHO
1998-06-15,Regular,1998,0,2,NYL,Away,Loss,1,60.0,15.0,11.0,200.0,11.0,1.0,24.0,76.0,22.0,0.29,54.0,15.0,-0.09,22.0,7.0,0.32,11.0,9.0,0.82,17.0,23.0,40.0,51.95,0.68,0.38,0.34,34.00,85.19,11.98,14.48,1.32,2.38,0.79,37.12,37.12,78.96,93.43,-14.47,0.31,15.44,75.99,1.36,91.19,1.00,1,1,UTA,Home,Win,1,71.0,15.0,17.0,200.0,6.0,6.0,18.0,54.0,23.0,0.43,42.0,17.0,10.89,12.0,6.0,0.50,24.0,19.0,0.79,4.0,33.0,37.0,48.05,0.65,0.60,0.48,14.81,66.00,20.84,7.79,7.79,11.11,1.31,51.25,51.25,92.20,77.91,14.29,0.34,19.88,0.88,0.35,77.01,92.41,UTA
1998-06-16,Regular,1998,1,1,LAS,Away,Loss,1,69.0,10.0,23.0,200.0,6.0,7.0,25.0,61.0,27.0,0.44,55.0,24.0,20.95,6.0,3.0,0.50,16.0,12.0,0.75,8.0,21.0,29.0,47.54,0.37,0.53,0.47,30.77,60.00,25.26,9.84,11.48,13.21,1.13,28.50,28.50,113.13,119.69,-6.56,0.36,11.50,60.99,0.43,73.19,0.26,0,1,SAC,Home,Win,4,73.0,16.0,21.0,200.0,7.0,2.0,23.0,61.0,24.0,0.39,53.0,23.0,15.98,8.0,1.0,0.12,31.0,24.0,0.77,14.0,18.0,32.0,52.46,0.67,0.54,0.40,40.00,69.23,21.96,9.08,2.59,3.64,1.20,35.62,35.62,94.71,89.52,5.19,0.35,18.97,0.76,0.33,77.08,92.50,SAC
1998-06-18,Regular,1998,0,2,DET,Away,Loss,2,67.0,15.0,19.0,200.0,7.0,1.0,24.0,59.0,27.0,0.46,46.0,24.0,13.95,13.0,3.0,0.23,15.0,10.0,0.67,10.0,17.0,27.0,51.92,0.56,0.54,0.48,37.04,68.00,22.46,11.87,1.70,2.44,1.14,31.88,31.88,113.58,120.36,-6.78,0.40,17.36,58.99,0.79,70.79,0.37,2,1,CHA,Home,Win,2,71.0,16.0,17.0,200.0,11.0,6.0,16.0,50.0,25.0,0.50,41.0,21.0,15.92,9.0,4.0,0.44,25.0,17.0,0.68,8.0,17.0,25.0,48.08,0.64,0.64,0.54,32.00,62.96,21.79,16.07,8.77,13.04,1.42,52.88,52.88,103.74,97.90,5.84,0.42,22.22,0.94,0.65,68.44,82.13,CHA
1998-06-18,Regular,1998,2,0,CLE,Away,Loss,2,69.0,17.0,18.0,200.0,11.0,1.0,22.0,58.0,26.0,0.45,46.0,21.0,13.91,12.0,5.0,0.42,19.0,12.0,0.63,8.0,16.0,24.0,46.15,0.65,0.55,0.49,32.00,59.26,21.34,18.97,1.72,2.22,1.19,38.38,38.38,118.99,150.03,-31.04,0.38,20.09,57.99,0.94,69.59,0.61,2,0,HOU,Home,Win,2,87.0,18.0,15.0,200.0,10.0,5.0,19.0,62.0,29.0,0.47,45.0,23.0,11.90,17.0,6.0,0.35,28.0,23.0,0.82,11.0,17.0,28.0,53.85,0.62,0.64,0.52,40.74,68.00,16.79,13.45,6.73,10.87,1.40,62.25,62.25,117.05,92.83,24.22,0.44,21.77,1.20,0.67,74.33,89.20,HOU
1998-06-18,Regular,1998,0,3,NYL,Away,Win,2,64.0,17.0,20.0,200.0,7.0,7.0,21.0,48.0,24.0,0.50,37.0,20.0,12.92,11.0,4.0,0.36,17.0,12.0,0.71,4.0,28.0,32.0,59.26,0.71,0.62,0.54,19.05,84.85,26.50,14.59,14.59,17.50,1.33,47.12,47.12,133.36,100.02,33.34,0.38,21.93,47.99,0.85,57.59,0.35,1,1,SAC,Home,Loss,1,48.0,7.0,15.0,200.0,11.0,0.0,20.0,51.0,18.0,0.35,40.0,17.0,6.98,11.0,1.0,0.09,25.0,11.0,0.44,5.0,17.0,22.0,40.74,0.39,0.42,0.36,15.15,80.95,19.48,16.18,0.00,0.00,0.94,11.12,11.12,70.62,94.16,-23.54,0.30,11.29,0.47,0.73,67.97,81.56,NYL
1998-06-19,Regular,1998,1,3,NYL,Away,Loss,0,75.0,17.0,5.0,200.0,9.0,4.0,22.0,67.0,27.0,0.40,55.0,25.0,14.97,12.0,2.0,0.17,32.0,19.0,0.59,11.0,17.0,28.0,40.58,0.63,0.51,0.42,26.83,60.71,5.81,13.43,5.97,7.27,1.12,50.50,50.50,111.96,116.44,-4.48,0.44,22.69,66.99,3.40,80.39,1.80,1,2,LAS,Home,Win,2,78.0,18.0,14.0,200.0,1.0,4.0,25.0,60.0,31.0,0.52,55.0,29.0,25.97,5.0,2.0,0.40,22.0,14.0,0.64,11.0,30.0,41.0,59.42,0.58,0.60,0.53,39.29,73.17,16.73,1.34,5.37,7.27,1.30,54.75,54.75,104.74,100.71,4.03,0.49,21.87,1.29,0.07,74.47,89.36,LAS
1998-06-19,Regular,1998,2,1,UTA,Away,Loss,3,76.0,14.0,18.0,200.0,10.0,3.0,26.0,67.0,31.0,0.46,52.0,28.0,15.96,15.0,3.0,0.20,16.0,11.0,0.69,9.0,18.0,27.0,45.76,0.45,0.54,0.49,28.12,66.67,19.56,14.93,4.48,6.82,1.13,38.25,38.25,113.45,126.88,-13.43,0.41,15.22,66.99,0.78,80.39,0.56,0,3,WAS,Home,Win,3,85.0,18.0,23.0,200.0,8.0,0.0,18.0,58.0,30.0,0.52,44.0,24.0,15.90,14.0,6.0,0.43,29.0,19.0,0.66,9.0,23.0,32.0,54.24,0.60,0.66,0.57,33.33,71.88,24.53,9.50,0.00,0.00,1.47,50.88,50.88,100.99,90.29,10.70,0.42,20.87,0.78,0.35,84.17,101.00,WAS
1998-06-20,Regular,1998,0,3,DET,Away,Loss,1,66.0,17.0,14.0,200.0,12.0,0.0,20.0,69.0,23.0,0.33,56.0,21.0,9.97,13.0,2.0,0.15,26.0,18.0,0.69,14.0,21.0,35.0,50.72,0.74,0.44,0.35,33.33,77.78,14.82,17.39,0.00,0.00,0.96,39.25,39.25,95.67,98.57,-2.90,0.33,19.20,68.99,1.21,82.79,0.86,2,1,CLE,Home,Win,1,68.0,20.0,22.0,200.0,10.0,5.0,23.0,55.0,25.0,0.45,45.0,20.0,14.91,10.0,5.0,0.50,18.0,13.0,0.72,6.0,28.0,34.0,49.28,0.80,0.58,0.50,22.22,66.67,25.91,12.73,6.37,8.93,1.24,48.50,48.50,86.58,84.03,2.55,0.35,22.45,0.91,0.45,78.54,94.25,CLE
1998-06-20,Regular,1998,3,0,HOU,Away,Win,1,79.0,16.0,16.0,200.0,6.0,2.0,23.0,56.0,27.0,0.48,39.0,18.0,9.84,17.0,9.0,0.53,19.0,16.0,0.84,10.0,19.0,29.0,55.77,0.59,0.66,0.56,41.67,67.86,19.91,10.72,3.57,4.35,1.41,50.62,50.62,141.10,121.45,19.65,0.44,20.09,55.99,1.00,67.19,0.38,1,2,SAC,Home,Loss,1,68.0,15.0,13.0,200.0,6.0,2.0,25.0,59.0,24.0,0.41,46.0,19.0,10.92,13.0,5.0,0.38,24.0,15.0,0.62,9.0,14.0,23.0,44.23,0.62,0.53,0.45,32.14,58.33,15.75,8.96,2.99,5.13,1.15,31.75,31.75,101.57,118.00,-16.43,0.38,19.62,1.15,0.46,66.95,80.34,HOU
1998-06-21,Regular,1998,4,0,HOU,Away,Win,0,79.0,14.0,10.0,200.0,7.0,2.0,18.0,63.0,28.0,0.44,47.0,23.0,11.92,16.0,5.0,0.31,23.0,18.0,0.78,9.0,20.0,29.0,45.31,0.50,0.58,0.48,28.12,62.50,12.03,11.11,3.18,4.35,1.25,51.12,51.12,125.42,100.02,25.40,0.44,18.21,62.99,1.40,75.59,0.70,2,2,LAS,Home,Loss,1,63.0,12.0,20.0,200.0,3.0,3.0,26.0,58.0,23.0,0.40,46.0,19.0,10.93,12.0,4.0,0.33,18.0,13.0,0.72,12.0,23.0,35.0,54.69,0.52,0.51,0.43,37.50,71.88,23.28,4.15,4.15,6.38,1.09,27.00,27.00,87.06,109.18,-22.12,0.35,14.62,0.60,0.15,72.36,86.83,HOU
1998-06-21,Regular,1998,2,2,UTA,Away,Loss,1,64.0,18.0,18.0,200.0,8.0,2.0,24.0,51.0,26.0,0.51,45.0,23.0,19.94,6.0,3.0,0.50,17.0,9.0,0.53,3.0,19.0,22.0,43.14,0.69,0.58,0.54,13.64,65.52,23.54,15.69,3.92,4.35,1.25,34.62,34.62,125.49,133.33,-7.84,0.39,22.64,51.00,1.00,61.20,0.44,1,4,NYL,Home,Win,1,68.0,17.0,15.0,200.0,13.0,3.0,20.0,55.0,23.0,0.42,46.0,20.0,13.95,9.0,3.0,0.33,27.0,19.0,0.70,10.0,19.0,29.0,56.86,0.74,0.56,0.45,34.48,86.36,18.32,18.84,4.35,6.67,1.24,48.88,48.88,98.57,92.77,5.80,0.38,22.63,1.13,0.87,68.99,82.79,NYL
1998-06-21,Regular,1998,3,1,CHA,Away,Win,2,72.0,12.0,14.0,200.0,6.0,1.0,21.0,61.0,26.0,0.43,48.0,21.0,12.92,13.0,5.0,0.38,23.0,15.0,0.65,10.0,22.0,32.0,48.48,0.46,0.54,0.47,28.57,70.97,16.45,9.84,1.64,2.38,1.18,38.62,38.62,118.05,116.41,1.64,0.40,15.61,60.99,0.86,73.19,0.43,3,0,PHO,Home,Loss,5,71.0,12.0,17.0,200.0,8.0,5.0,25.0,55.0,25.0,0.45,42.0,23.0,11.96,13.0,2.0,0.15,24.0,19.0,0.79,9.0,25.0,34.0,51.52,0.48,0.59,0.47,29.03,71.43,20.59,10.94,6.84,10.42,1.29,44.00,44.00,97.13,98.50,-1.37,0.40,16.34,0.71,0.47,73.10,87.72,CHA
1998-06-21,Regular,1998,0,4,DET,Away,Win,0,70.0,15.0,13.0,200.0,9.0,3.0,21.0,61.0,30.0,0.49,52.0,25.0,20.92,9.0,5.0,0.56,13.0,5.0,0.38,8.0,24.0,32.0,50.79,0.50,0.55,0.53,26.67,72.73,16.31,14.76,4.92,6.25,1.15,48.88,48.88,114.77,93.46,21.31,0.45,18.01,60.99,1.15,73.19,0.69,1,3,WAS,Home,Loss,1,57.0,8.0,12.0,200.0,7.0,2.0,18.0,62.0,21.0,0.34,48.0,19.0,6.97,14.0,2.0,0.14,24.0,13.0,0.54,9.0,22.0,31.0,49.21,0.38,0.42,0.35,27.27,73.33,14.19,9.88,2.82,3.85,0.92,23.00,23.00,80.44,98.79,-18.35,0.32,11.20,0.67,0.58,70.86,85.03,DET
1998-06-22,Regular,1998,2,3,UTA,Away,Loss,0,72.0,23.0,22.0,200.0,6.0,5.0,31.0,57.0,27.0,0.47,42.0,23.0,11.93,15.0,4.0,0.27,25.0,14.0,0.56,9.0,17.0,26.0,45.61,0.85,0.58,0.51,31.03,60.71,24.44,10.53,8.77,8.93,1.26,38.12,38.12,126.34,154.41,-28.07,0.39,25.27,56.99,1.05,68.39,0.27,3,1,CLE,Home,Win,1,88.0,23.0,13.0,200.0,13.0,1.0,24.0,62.0,27.0,0.44,56.0,26.0,20.98,6.0,1.0,0.17,39.0,33.0,0.85,11.0,20.0,31.0,54.39,0.85,0.62,0.44,39.29,68.97,14.11,16.82,1.29,2.38,1.42,64.88,64.88,113.83,93.13,20.70,0.42,28.45,1.77,1.00,77.31,92.77,CLE
1998-06-23,Regular,1998,1,3,SAC,Away,Loss,2,57.0,10.0,12.0,200.0,11.0,3.0,19.0,59.0,23.0,0.39,44.0,21.0,7.97,15.0,2.0,0.13,13.0,9.0,0.69,7.0,19.0,26.0,43.33,0.43,0.46,0.41,22.58,65.52,15.64,18.65,5.09,6.67,0.97,31.62,31.62,96.63,103.41,-6.78,0.36,13.28,58.99,0.83,70.79,0.92,1,4,DET,Home,Win,1,61.0,12.0,17.0,200.0,2.0,3.0,16.0,53.0,23.0,0.43,45.0,20.0,14.94,8.0,3.0,0.38,18.0,12.0,0.67,10.0,24.0,34.0,56.67,0.52,0.54,0.46,34.48,77.42,21.82,2.95,4.43,6.82,1.15,34.50,34.50,90.02,84.12,5.90,0.38,16.20,0.71,0.12,67.76,81.31,DET
1998-06-23,Regular,1998,4,1,CLE,Away,Loss,0,57.0,11.0,22.0,200.0,9.0,2.0,25.0,45.0,19.0,0.42,38.0,16.0,11.93,7.0,3.0,0.43,23.0,16.0,0.70,11.0,17.0,28.0,54.90,0.58,0.57,0.46,42.31,68.00,28.53,20.00,4.45,5.13,1.27,25.88,25.88,126.69,131.14,-4.45,0.34,16.21,44.99,0.50,53.99,0.41,2,4,NYL,Home,Win,1,59.0,14.0,19.0,200.0,9.0,3.0,19.0,46.0,20.0,0.43,39.0,19.0,12.98,7.0,1.0,0.14,26.0,18.0,0.69,8.0,15.0,23.0,45.10,0.70,0.57,0.45,32.00,57.69,24.86,13.69,4.56,7.89,1.28,31.50,31.50,89.77,86.73,3.04,0.35,20.72,0.74,0.47,65.72,78.86,NYL
1998-06-24,Regular,1998,4,1,CHA,Away,Win,2,77.0,21.0,19.0,200.0,7.0,5.0,24.0,60.0,29.0,0.48,56.0,29.0,25.00,4.0,0.0,0.00,31.0,19.0,0.61,15.0,25.0,40.0,57.97,0.72,0.58,0.48,45.45,69.44,20.51,11.67,8.33,9.09,1.28,56.12,56.12,128.35,121.69,6.66,0.45,24.32,59.99,1.11,71.99,0.37,2,3,LAS,Home,Loss,2,73.0,14.0,14.0,200.0,9.0,6.0,24.0,67.0,26.0,0.39,55.0,24.0,13.97,12.0,2.0,0.17,29.0,19.0,0.66,11.0,18.0,29.0,42.03,0.54,0.50,0.40,30.56,54.55,14.93,11.85,7.90,10.71,1.09,39.38,39.38,96.10,101.37,-5.27,0.37,17.02,1.00,0.64,75.96,91.15,CHA
1998-06-24,Regular,1998,5,0,HOU,Away,Loss,2,66.0,4.0,15.0,200.0,8.0,1.0,15.0,53.0,21.0,0.40,44.0,16.0,11.91,9.0,5.0,0.56,22.0,19.0,0.86,9.0,20.0,29.0,46.77,0.19,0.57,0.44,26.47,71.43,19.31,15.10,1.89,1.89,1.25,32.50,32.50,124.55,130.21,-5.66,0.36,6.42,52.99,0.27,63.59,0.53,3,1,PHO,Home,Win,2,69.0,20.0,15.0,200.0,7.0,3.0,23.0,61.0,28.0,0.46,53.0,25.0,19.95,8.0,3.0,0.38,12.0,10.0,0.83,8.0,25.0,33.0,53.23,0.71,0.54,0.48,28.57,73.53,18.45,9.69,4.15,6.82,1.13,49.00,49.00,95.51,91.36,4.15,0.41,22.05,1.33,0.47,72.24,86.69,PHO
1998-06-25,Regular,1998,1,4,WAS,Away,Loss,3,71.0,12.0,19.0,200.0,6.0,1.0,19.0,53.0,26.0,0.49,43.0,25.0,15.98,10.0,1.0,0.10,21.0,18.0,0.86,5.0,25.0,30.0,50.85,0.46,0.62,0.50,17.86,80.65,23.39,11.32,1.89,1.75,1.34,37.62,37.62,133.99,149.08,-15.09,0.39,16.05,52.99,0.63,63.59,0.32,2,4,DET,Home,Win,1,79.0,13.0,14.0,200.0,6.0,0.0,20.0,66.0,32.0,0.48,57.0,30.0,22.97,9.0,2.0,0.22,18.0,13.0,0.72,6.0,23.0,29.0,49.15,0.41,0.56,0.50,19.35,82.14,15.92,7.53,0.00,0.00,1.20,41.00,41.00,99.16,89.12,10.04,0.43,15.28,0.93,0.43,79.67,95.60,DET
1998-06-25,Regular,1998,5,1,CHA,Away,Win,0,91.0,19.0,9.0,200.0,9.0,2.0,12.0,66.0,33.0,0.50,50.0,26.0,16.89,16.0,7.0,0.44,19.0,18.0,0.95,8.0,21.0,29.0,46.03,0.58,0.65,0.55,27.59,61.76,10.80,13.64,3.03,3.57,1.38,73.12,73.12,137.90,125.78,12.12,0.49,22.19,65.99,2.11,79.19,1.00,2,4,UTA,Home,Loss,2,83.0,21.0,12.0,200.0,6.0,9.0,16.0,72.0,35.0,0.49,56.0,32.0,18.96,16.0,3.0,0.19,11.0,10.0,0.91,13.0,21.0,34.0,53.97,0.60,0.56,0.51,38.24,72.41,13.51,8.19,12.29,18.00,1.15,69.62,69.62,113.30,124.22,-10.92,0.49,20.97,1.75,0.50,73.26,87.91,CHA
1998-06-26,Regular,1998,1,4,SAC,Away,Loss,2,48.0,7.0,23.0,200.0,7.0,2.0,24.0,43.0,16.0,0.37,39.0,15.0,11.98,4.0,1.0,0.25,20.0,15.0,0.75,5.0,23.0,28.0,50.00,0.44,0.51,0.38,23.81,65.71,30.75,16.28,4.65,4.44,1.12,11.50,11.50,111.65,144.22,-32.57,0.26,10.90,42.99,0.30,51.59,0.30,3,4,NYL,Home,Win,2,62.0,17.0,15.0,200.0,9.0,1.0,21.0,58.0,20.0,0.34,45.0,16.0,6.93,13.0,4.0,0.31,23.0,18.0,0.78,12.0,16.0,28.0,50.00,0.85,0.49,0.38,34.29,76.19,18.05,13.90,1.54,2.56,1.07,35.38,35.38,95.72,74.11,21.61,0.33,21.28,1.13,0.60,64.77,77.72,NYL
1998-06-26,Regular,1998,2,5,UTA,Away,Loss,0,63.0,15.0,20.0,200.0,3.0,3.0,23.0,61.0,26.0,0.43,53.0,25.0,17.98,8.0,1.0,0.12,16.0,10.0,0.62,9.0,25.0,34.0,50.75,0.58,0.49,0.43,29.03,69.44,22.72,4.92,4.92,5.36,1.03,28.50,28.50,103.30,157.40,-54.10,0.36,16.86,60.99,0.75,73.19,0.15,4,1,PHO,Home,Win,1,96.0,27.0,12.0,200.0,12.0,1.0,13.0,71.0,34.0,0.48,56.0,28.0,18.92,15.0,6.0,0.40,29.0,22.0,0.76,11.0,22.0,33.0,49.25,0.79,0.62,0.52,30.56,70.97,12.53,14.74,1.23,1.89,1.35,80.88,80.88,117.94,77.40,40.54,0.47,27.77,2.25,1.00,81.40,97.68,PHO
1998-06-27,Regular,1998,1,5,SAC,Away,Loss,0,50.0,12.0,25.0,200.0,10.0,6.0,22.0,60.0,22.0,0.37,52.0,21.0,13.98,8.0,1.0,0.12,9.0,5.0,0.56,14.0,26.0,40.0,60.61,0.55,0.40,0.38,42.42,78.79,28.10,16.67,10.00,16.67,0.83,27.12,27.12,83.35,96.68,-13.33,0.31,12.90,59.99,0.48,71.99,0.40,6,1,CHA,Home,Win,1,58.0,14.0,19.0,200.0,13.0,5.0,9.0,52.0,17.0,0.33,36.0,14.0,0.94,16.0,3.0,0.19,22.0,21.0,0.95,7.0,19.0,26.0,39.39,0.82,0.51,0.36,21.21,57.58,23.55,18.65,7.17,9.62,1.12,40.50,40.50,83.19,71.72,11.47,0.27,18.59,0.74,0.68,69.72,83.66,CHA
1998-06-27,Regular,1998,3,4,DET,Away,Win,1,84.0,19.0,15.0,200.0,8.0,0.0,23.0,67.0,33.0,0.49,62.0,30.0,27.96,5.0,3.0,0.60,22.0,15.0,0.68,16.0,23.0,39.0,56.52,0.58,0.58,0.51,42.11,74.19,16.36,11.94,0.00,0.00,1.25,59.25,59.25,125.39,108.97,16.42,0.50,20.81,66.99,1.27,80.39,0.53,4,2,CLE,Home,Loss,3,73.0,21.0,18.0,200.0,4.0,3.0,26.0,59.0,27.0,0.46,46.0,23.0,13.93,13.0,4.0,0.31,23.0,15.0,0.65,8.0,22.0,30.0,43.48,0.78,0.57,0.49,25.81,57.89,20.66,5.19,3.89,4.84,1.24,41.62,41.62,94.72,108.99,-14.27,0.39,23.90,1.17,0.22,77.07,92.48,DET
1998-06-27,Regular,1998,2,4,LAS,Away,Loss,2,64.0,8.0,20.0,200.0,6.0,7.0,27.0,60.0,22.0,0.37,49.0,18.0,10.93,11.0,4.0,0.36,19.0,16.0,0.84,18.0,18.0,36.0,58.06,0.36,0.50,0.40,50.00,69.23,22.63,10.00,11.67,17.95,1.07,30.88,30.88,106.68,125.02,-18.34,0.35,10.05,59.99,0.40,71.99,0.30,5,1,HOU,Home,Win,2,75.0,11.0,15.0,200.0,8.0,2.0,18.0,56.0,23.0,0.41,39.0,15.0,5.86,17.0,8.0,0.47,28.0,21.0,0.75,8.0,18.0,26.0,41.94,0.48,0.60,0.48,30.77,50.00,18.00,11.21,2.80,4.08,1.34,41.00,41.00,105.13,89.71,15.42,0.37,15.79,0.73,0.53,71.34,85.61,HOU
1998-06-28,Regular,1998,5,1,PHO,Away,Win,1,86.0,18.0,16.0,200.0,12.0,3.0,18.0,68.0,32.0,0.47,58.0,27.0,21.93,10.0,5.0,0.50,20.0,17.0,0.85,14.0,20.0,34.0,53.12,0.56,0.59,0.51,46.67,58.82,17.24,17.65,4.41,5.56,1.26,64.50,64.50,126.49,101.49,25.00,0.46,19.31,67.99,1.12,81.59,0.75,1,5,WAS,Home,Loss,2,69.0,13.0,21.0,200.0,7.0,4.0,16.0,62.0,28.0,0.45,54.0,27.0,19.98,8.0,1.0,0.12,20.0,12.0,0.60,14.0,16.0,30.0,46.88,0.46,0.52,0.46,41.18,53.33,22.88,9.46,5.40,6.90,1.11,36.00,36.00,93.22,116.18,-22.96,0.41,14.91,0.62,0.33,74.02,88.82,PHO
1998-06-29,Regular,1998,7,1,CHA,Away,Loss,1,49.0,9.0,10.0,200.0,9.0,1.0,14.0,65.0,16.0,0.25,45.0,14.0,-4.03,20.0,2.0,0.10,16.0,15.0,0.94,12.0,22.0,34.0,44.74,0.56,0.36,0.26,28.57,64.71,12.19,13.85,1.54,1.85,0.75,24.75,24.75,75.40,92.32,-16.92,0.25,11.69,64.99,0.90,77.99,0.90,4,4,DET,Home,Win,1,60.0,8.0,16.0,200.0,8.0,3.0,20.0,62.0,23.0,0.37,54.0,23.0,15.00,8.0,0.0,0.00,17.0,14.0,0.82,12.0,30.0,42.0,55.26,0.35,0.46,0.37,35.29,71.43,18.72,10.98,4.12,6.67,0.97,34.62,34.62,82.33,67.23,15.10,0.35,10.19,0.50,0.50,72.88,87.46,DET
1998-06-29,Regular,1998,1,6,WAS,Away,Loss,0,48.0,8.0,32.0,200.0,9.0,4.0,25.0,46.0,16.0,0.35,38.0,14.0,7.96,8.0,2.0,0.25,27.0,14.0,0.52,10.0,24.0,34.0,53.12,0.50,0.46,0.37,30.30,77.42,35.60,19.57,8.70,8.89,1.04,7.88,7.88,104.37,158.73,-54.36,0.24,10.79,45.99,0.25,55.19,0.28,6,1,HOU,Home,Win,1,73.0,11.0,17.0,200.0,21.0,0.0,24.0,59.0,25.0,0.42,45.0,22.0,10.95,14.0,3.0,0.21,27.0,20.0,0.74,7.0,23.0,30.0,46.88,0.44,0.56,0.45,22.58,69.70,19.34,26.82,0.00,0.00,1.24,45.88,45.88,93.22,61.29,31.93,0.36,14.64,0.65,1.24,78.31,93.97,HOU
1998-06-29,Regular,1998,6,1,PHO,Away,Loss,0,68.0,13.0,14.0,200.0,8.0,3.0,19.0,53.0,23.0,0.43,42.0,20.0,11.94,11.0,3.0,0.27,23.0,19.0,0.83,7.0,17.0,24.0,40.68,0.57,0.59,0.46,25.00,54.84,18.15,15.10,5.66,5.17,1.28,39.88,39.88,128.33,133.99,-5.66,0.38,18.60,52.99,0.93,63.59,0.57,4,4,NYL,Home,Win,2,71.0,18.0,15.0,200.0,4.0,0.0,21.0,62.0,27.0,0.44,58.0,24.0,22.95,4.0,3.0,0.75,17.0,14.0,0.82,14.0,21.0,35.0,59.32,0.67,0.54,0.46,45.16,75.00,17.76,5.81,0.00,0.00,1.15,44.38,44.38,103.17,98.81,4.36,0.43,20.57,1.20,0.27,68.82,82.58,NYL
1998-06-30,Regular,1998,2,5,LAS,Away,Loss,2,56.0,9.0,24.0,200.0,7.0,8.0,18.0,45.0,19.0,0.42,35.0,15.0,8.91,10.0,4.0,0.40,23.0,14.0,0.61,9.0,16.0,25.0,39.68,0.47,0.56,0.47,34.62,43.24,30.33,15.56,17.78,14.29,1.24,25.62,25.62,124.47,128.92,-4.45,0.32,13.26,44.99,0.38,53.99,0.29,1,6,SAC,Home,Win,2,58.0,9.0,21.0,200.0,13.0,7.0,17.0,67.0,24.0,0.36,56.0,23.0,12.99,11.0,1.0,0.09,12.0,9.0,0.75,21.0,17.0,38.0,60.32,0.38,0.42,0.37,56.76,65.38,22.51,19.30,10.39,20.00,0.87,36.50,36.50,86.09,83.12,2.97,0.36,9.81,0.43,0.62,67.37,80.84,SAC
1998-06-30,Regular,1998,7,1,HOU,Away,Win,0,75.0,13.0,18.0,250.0,13.0,3.0,14.0,78.0,24.0,0.31,48.0,17.0,-6.09,30.0,7.0,0.23,29.0,20.0,0.69,18.0,33.0,51.0,54.26,0.54,0.44,0.35,36.00,75.00,16.55,16.67,3.85,5.00,0.96,52.38,41.90,96.17,93.60,2.57,0.31,13.51,77.99,0.72,74.87,0.72,2,6,UTA,Home,Loss,3,73.0,21.0,19.0,250.0,7.0,5.0,28.0,79.0,31.0,0.39,60.0,26.0,11.94,19.0,5.0,0.26,7.0,6.0,0.86,11.0,32.0,43.0,45.74,0.68,0.45,0.42,25.00,64.00,18.80,7.99,5.70,10.42,0.92,46.12,36.90,83.28,85.56,-2.28,0.36,18.12,1.11,0.37,87.66,84.15,HOU
1998-07-01,Regular,1998,5,4,NYL,Away,Loss,1,65.0,15.0,11.0,200.0,7.0,3.0,22.0,69.0,25.0,0.36,54.0,21.0,9.94,15.0,4.0,0.27,15.0,11.0,0.73,10.0,20.0,30.0,42.25,0.60,0.45,0.39,25.00,64.52,12.70,10.15,4.35,5.45,0.94,35.62,35.62,94.22,118.86,-24.64,0.36,16.97,68.99,1.36,82.79,0.64,5,4,DET,Home,Win,1,82.0,16.0,14.0,200.0,7.0,1.0,17.0,64.0,31.0,0.48,55.0,29.0,21.97,9.0,2.0,0.22,25.0,18.0,0.72,11.0,30.0,41.0,57.75,0.52,0.59,0.50,35.48,75.00,15.73,8.91,1.27,1.85,1.28,59.62,59.62,104.42,82.77,21.65,0.46,19.28,1.14,0.50,78.53,94.24,DET
1998-07-01,Regular,1998,4,3,CLE,Away,Win,3,92.0,23.0,16.0,200.0,12.0,4.0,22.0,56.0,33.0,0.59,48.0,28.0,24.91,8.0,5.0,0.62,29.0,21.0,0.72,6.0,20.0,26.0,50.00,0.70,0.74,0.63,27.27,66.67,18.88,21.43,7.14,8.70,1.64,72.12,72.12,164.32,142.88,21.44,0.50,27.97,55.99,1.44,67.19,0.75,1,7,WAS,Home,Loss,1,80.0,15.0,21.0,200.0,11.0,5.0,24.0,60.0,28.0,0.47,46.0,21.0,13.88,14.0,7.0,0.50,20.0,17.0,0.85,10.0,16.0,26.0,50.00,0.54,0.62,0.53,33.33,72.73,23.39,14.51,6.59,10.42,1.33,47.50,47.50,105.50,121.32,-15.82,0.39,17.20,0.71,0.52,75.83,91.00,CLE
1998-07-02,Regular,1998,6,2,PHO,Away,Win,2,76.0,17.0,13.0,200.0,16.0,2.0,14.0,58.0,23.0,0.40,40.0,14.0,4.84,18.0,9.0,0.50,32.0,21.0,0.66,13.0,19.0,32.0,51.61,0.74,0.58,0.47,35.14,76.00,15.28,27.59,3.45,4.08,1.31,62.75,62.75,131.06,105.19,25.87,0.40,23.00,57.99,1.31,69.59,1.23,5,3,CLE,Home,Loss,0,61.0,22.0,22.0,200.0,6.0,0.0,23.0,57.0,25.0,0.44,49.0,22.0,16.95,8.0,3.0,0.38,9.0,8.0,0.89,6.0,24.0,30.0,48.39,0.88,0.52,0.46,24.00,64.86,26.52,7.92,0.00,0.00,1.07,33.38,33.38,80.53,100.33,-19.80,0.34,22.67,1.00,0.27,75.75,90.90,PHO
1998-07-02,Regular,1998,2,7,UTA,Away,Win,1,58.0,19.0,18.0,200.0,9.0,4.0,17.0,58.0,22.0,0.38,42.0,17.0,5.91,16.0,5.0,0.31,15.0,9.0,0.60,7.0,21.0,28.0,50.91,0.86,0.47,0.42,26.92,72.41,21.79,15.52,6.90,8.33,1.00,37.12,37.12,100.02,98.29,1.73,0.32,21.49,57.99,1.06,69.59,0.50,2,6,LAS,Home,Loss,1,57.0,17.0,22.0,200.0,12.0,3.0,19.0,57.0,22.0,0.39,48.0,19.0,12.95,9.0,3.0,0.33,14.0,10.0,0.71,8.0,19.0,27.0,49.09,0.77,0.47,0.41,27.59,73.08,25.83,16.33,4.08,7.14,1.00,31.75,31.75,77.55,78.91,-1.36,0.31,18.92,0.77,0.55,73.50,88.20,UTA
1998-07-03,Regular,1998,2,6,SAC,Away,Loss,2,67.0,14.0,15.0,200.0,6.0,3.0,24.0,63.0,26.0,0.41,53.0,22.0,15.94,10.0,4.0,0.40,14.0,11.0,0.79,15.0,13.0,28.0,46.67,0.54,0.51,0.44,42.86,52.00,17.82,9.53,4.76,7.50,1.06,35.25,35.25,106.37,133.35,-26.98,0.41,16.31,62.99,0.93,75.59,0.40,8,1,HOU,Home,Win,2,84.0,15.0,7.0,200.0,12.0,3.0,18.0,55.0,24.0,0.44,40.0,21.0,8.95,15.0,3.0,0.20,36.0,33.0,0.92,12.0,20.0,32.0,53.33,0.62,0.67,0.46,48.00,57.14,8.99,18.76,4.69,5.66,1.53,70.25,70.25,131.33,104.75,26.58,0.48,24.53,2.14,1.71,63.96,76.75,HOU
1998-07-03,Regular,1998,1,8,WAS,Away,Loss,1,60.0,13.0,23.0,200.0,8.0,1.0,28.0,51.0,20.0,0.39,40.0,18.0,8.96,11.0,2.0,0.18,29.0,18.0,0.62,12.0,12.0,24.0,42.86,0.65,0.52,0.41,36.36,52.17,26.51,15.69,1.96,2.08,1.18,16.88,16.88,117.67,149.05,-31.38,0.32,17.51,50.99,0.57,61.19,0.35,5,5,NYL,Home,Win,1,76.0,22.0,15.0,200.0,11.0,2.0,23.0,55.0,27.0,0.49,48.0,25.0,19.96,7.0,2.0,0.29,33.0,20.0,0.61,11.0,21.0,32.0,57.14,0.81,0.61,0.51,47.83,63.64,17.75,15.09,2.74,5.00,1.38,57.62,57.62,104.25,82.30,21.95,0.46,28.39,1.47,0.73,72.90,87.48,NYL
1998-07-04,Regular,1998,7,2,PHO,Away,Loss,1,66.0,16.0,15.0,200.0,14.0,1.0,19.0,58.0,26.0,0.45,46.0,24.0,13.97,12.0,2.0,0.17,15.0,12.0,0.80,7.0,18.0,25.0,51.02,0.62,0.54,0.47,31.82,66.67,18.84,24.14,1.72,1.96,1.14,43.88,43.88,113.81,117.26,-3.45,0.39,19.42,57.99,1.07,69.59,0.93,7,2,CHA,Home,Win,4,68.0,15.0,17.0,200.0,7.0,5.0,15.0,57.0,28.0,0.49,51.0,27.0,21.98,6.0,1.0,0.17,17.0,11.0,0.65,9.0,15.0,24.0,48.98,0.54,0.56,0.50,33.33,68.18,20.86,10.12,7.23,10.87,1.19,41.62,41.62,98.32,95.43,2.89,0.43,18.40,0.88,0.41,69.16,82.99,CHA
1998-07-05,Regular,1998,3,7,UTA,Away,Loss,2,66.0,17.0,9.0,200.0,7.0,5.0,18.0,61.0,24.0,0.39,52.0,23.0,14.98,9.0,1.0,0.11,23.0,17.0,0.74,12.0,18.0,30.0,46.88,0.71,0.50,0.40,32.43,66.67,11.23,11.48,8.20,12.50,1.08,48.12,48.12,108.21,114.77,-6.56,0.41,22.11,60.99,1.89,73.19,0.78,2,7,SAC,Home,Win,1,70.0,17.0,12.0,200.0,4.0,2.0,20.0,53.0,26.0,0.49,40.0,21.0,12.91,13.0,5.0,0.38,22.0,13.0,0.59,9.0,25.0,34.0,53.12,0.65,0.61,0.54,33.33,67.57,16.07,6.05,3.02,3.85,1.32,50.75,50.75,105.82,99.77,6.05,0.46,23.51,1.42,0.33,66.15,79.38,SAC
1998-07-05,Regular,1998,6,5,NYL,Away,Win,1,62.0,15.0,18.0,225.0,15.0,7.0,24.0,78.0,26.0,0.33,74.0,26.0,22.00,4.0,0.0,0.00,15.0,10.0,0.67,15.0,26.0,41.0,46.59,0.58,0.38,0.33,30.61,66.67,17.54,19.23,8.98,14.58,0.79,39.38,35.00,79.50,78.22,1.28,0.32,14.37,77.99,0.83,83.19,0.83,1,9,WAS,Home,Loss,1,61.0,11.0,28.0,225.0,9.0,3.0,17.0,62.0,20.0,0.32,48.0,16.0,5.94,14.0,4.0,0.29,27.0,17.0,0.63,13.0,34.0,47.0,53.41,0.55,0.45,0.35,33.33,69.39,27.48,10.18,3.39,4.05,0.98,29.38,26.12,69.03,70.16,-1.13,0.26,12.34,0.39,0.32,88.37,94.26,NYL
1998-07-06,Regular,1998,9,1,HOU,Away,Win,2,78.0,19.0,17.0,200.0,16.0,2.0,18.0,61.0,26.0,0.43,41.0,15.0,5.82,20.0,11.0,0.55,21.0,15.0,0.71,8.0,21.0,29.0,50.88,0.73,0.59,0.52,26.67,77.78,19.49,26.23,3.28,4.88,1.28,59.12,59.12,127.89,104.94,22.95,0.37,21.65,60.99,1.12,73.19,0.94,5,4,CLE,Home,Loss,3,64.0,19.0,23.0,200.0,5.0,3.0,20.0,53.0,23.0,0.43,41.0,18.0,10.91,12.0,5.0,0.42,14.0,13.0,0.93,6.0,22.0,28.0,49.12,0.83,0.57,0.48,22.22,73.33,27.99,6.69,4.01,7.32,1.21,35.50,35.50,85.65,104.39,-18.74,0.33,21.39,0.83,0.22,74.72,89.66,HOU
1998-07-06,Regular,1998,6,4,DET,Away,Loss,4,56.0,13.0,13.0,200.0,4.0,2.0,26.0,57.0,22.0,0.39,47.0,20.0,11.96,10.0,2.0,0.20,19.0,10.0,0.53,10.0,20.0,30.0,49.18,0.59,0.46,0.40,31.25,68.97,16.59,7.02,3.51,3.85,0.98,24.12,24.12,98.26,103.53,-5.27,0.37,17.42,56.99,1.00,68.39,0.31,7,5,NYL,Home,Win,0,59.0,9.0,13.0,200.0,5.0,2.0,24.0,53.0,20.0,0.38,52.0,19.0,18.98,1.0,1.0,1.00,24.0,18.0,0.75,9.0,22.0,31.0,50.82,0.45,0.51,0.39,31.03,68.75,16.98,7.65,3.06,4.26,1.11,26.75,26.75,90.28,85.69,4.59,0.35,13.97,0.69,0.38,65.35,78.42,NYL
1998-07-06,Regular,1998,3,7,SAC,Away,Loss,0,64.0,19.0,10.0,200.0,9.0,2.0,18.0,63.0,26.0,0.41,47.0,20.0,9.90,16.0,6.0,0.38,8.0,6.0,0.75,10.0,21.0,31.0,45.59,0.73,0.49,0.46,27.78,65.62,13.07,14.29,3.18,4.76,1.02,50.50,50.50,101.60,107.95,-6.35,0.41,21.47,62.99,1.90,75.59,0.90,3,8,UTA,Home,Win,0,68.0,16.0,14.0,200.0,3.0,6.0,12.0,54.0,22.0,0.41,42.0,17.0,9.91,12.0,5.0,0.42,23.0,19.0,0.83,11.0,26.0,37.0,54.41,0.73,0.58,0.45,34.38,72.22,17.92,4.48,8.95,12.77,1.26,54.38,54.38,101.46,95.49,5.97,0.39,21.66,1.14,0.21,67.02,80.42,UTA
1998-07-07,Regular,1998,8,2,CHA,Away,Loss,2,79.0,19.0,18.0,200.0,8.0,2.0,16.0,66.0,31.0,0.47,51.0,25.0,15.91,15.0,6.0,0.40,17.0,11.0,0.65,10.0,22.0,32.0,48.48,0.61,0.57,0.52,30.30,66.67,19.68,12.12,3.03,3.28,1.20,52.62,52.62,119.72,130.32,-10.60,0.42,19.89,65.99,1.06,79.19,0.44,2,7,LAS,Home,Win,4,86.0,20.0,14.0,200.0,12.0,5.0,20.0,66.0,34.0,0.52,61.0,32.0,28.97,5.0,2.0,0.40,22.0,16.0,0.73,11.0,23.0,34.0,51.52,0.59,0.61,0.53,33.33,69.70,15.61,15.44,6.43,9.80,1.30,69.50,69.50,110.65,101.65,9.00,0.49,22.14,1.43,0.86,77.72,93.26,LAS
1998-07-08,Regular,1998,1,10,WAS,Away,Loss,2,65.0,14.0,27.0,200.0,10.0,4.0,25.0,50.0,22.0,0.44,36.0,18.0,7.92,14.0,4.0,0.29,26.0,17.0,0.65,9.0,21.0,30.0,52.63,0.64,0.58,0.48,33.33,70.00,30.53,20.00,8.00,7.84,1.30,31.00,31.00,130.03,154.03,-24.00,0.32,17.60,49.99,0.52,59.99,0.37,5,5,CLE,Home,Win,1,77.0,18.0,15.0,200.0,14.0,1.0,19.0,60.0,27.0,0.45,51.0,24.0,17.95,9.0,3.0,0.33,30.0,20.0,0.67,9.0,18.0,27.0,47.37,0.67,0.58,0.47,30.00,66.67,17.01,18.61,1.33,2.78,1.28,51.75,51.75,102.35,86.40,15.95,0.41,22.56,1.20,0.93,75.23,90.28,CLE
1998-07-08,Regular,1998,7,3,PHO,Away,Win,3,78.0,18.0,17.0,200.0,7.0,2.0,24.0,65.0,30.0,0.46,51.0,22.0,15.88,14.0,8.0,0.57,17.0,10.0,0.59,8.0,26.0,34.0,50.00,0.60,0.57,0.52,25.81,70.27,19.00,10.77,3.08,3.77,1.20,48.38,48.38,120.02,116.94,3.08,0.41,19.46,64.99,1.06,77.99,0.41,6,5,DET,Home,Loss,1,76.0,13.0,18.0,200.0,6.0,1.0,23.0,64.0,26.0,0.41,53.0,20.0,14.91,11.0,6.0,0.55,26.0,18.0,0.69,11.0,23.0,34.0,50.00,0.50,0.55,0.45,29.73,74.19,19.26,7.57,1.26,1.96,1.19,37.00,37.00,95.90,98.42,-2.52,0.37,15.56,0.72,0.33,79.25,95.10,PHO
1998-07-08,Regular,1998,3,8,SAC,Away,Win,1,76.0,23.0,15.0,200.0,7.0,1.0,24.0,54.0,28.0,0.52,44.0,23.0,17.91,10.0,5.0,0.50,20.0,15.0,0.75,6.0,26.0,32.0,49.23,0.82,0.65,0.56,24.00,65.00,19.28,12.97,1.85,2.13,1.41,57.50,57.50,140.77,131.51,9.26,0.44,27.64,53.99,1.53,64.79,0.47,3,7,LAS,Home,Loss,0,71.0,17.0,13.0,200.0,6.0,2.0,18.0,62.0,22.0,0.35,47.0,17.0,6.92,15.0,5.0,0.33,29.0,22.0,0.76,14.0,19.0,33.0,50.77,0.77,0.52,0.40,35.00,76.00,14.81,8.77,2.92,4.55,1.15,44.88,44.88,103.74,111.05,-7.31,0.36,21.45,1.31,0.46,68.44,82.13,SAC
1998-07-08,Regular,1998,10,1,HOU,Away,Win,1,79.0,17.0,12.0,200.0,9.0,4.0,15.0,58.0,28.0,0.48,40.0,18.0,9.83,18.0,10.0,0.56,16.0,13.0,0.81,11.0,20.0,31.0,60.78,0.61,0.64,0.57,42.31,80.00,15.58,15.52,6.90,8.70,1.36,66.00,66.00,136.23,93.12,43.11,0.47,21.26,57.99,1.42,69.59,0.75,8,5,NYL,Home,Loss,1,54.0,14.0,16.0,200.0,7.0,1.0,20.0,52.0,21.0,0.40,46.0,19.0,14.96,6.0,2.0,0.33,12.0,10.0,0.83,5.0,15.0,20.0,39.22,0.67,0.49,0.42,20.00,57.69,21.83,10.85,1.55,2.50,1.04,22.75,22.75,83.71,122.46,-38.75,0.33,18.25,0.88,0.44,64.51,77.41,HOU
1998-07-08,Regular,1998,8,3,CHA,Away,Win,0,77.0,16.0,17.0,200.0,8.0,3.0,14.0,52.0,24.0,0.46,42.0,21.0,13.94,10.0,3.0,0.30,32.0,26.0,0.81,7.0,18.0,25.0,49.02,0.67,0.65,0.49,26.92,72.00,20.46,15.39,5.77,5.66,1.48,49.50,49.50,148.11,132.72,15.39,0.39,22.56,51.99,0.94,62.39,0.47,4,8,UTA,Home,Loss,1,69.0,19.0,20.0,200.0,8.0,5.0,27.0,61.0,29.0,0.48,53.0,26.0,20.95,8.0,3.0,0.38,9.0,8.0,0.89,7.0,19.0,26.0,50.98,0.66,0.55,0.50,28.00,73.08,23.54,10.61,6.63,11.90,1.13,39.62,39.62,91.54,102.15,-10.61,0.39,19.78,0.95,0.40,75.38,90.46,CHA
1998-07-09,Regular,1998,6,6,DET,Away,Loss,0,66.0,13.0,14.0,200.0,6.0,3.0,21.0,66.0,25.0,0.38,56.0,23.0,14.97,10.0,2.0,0.20,23.0,14.0,0.61,12.0,24.0,36.0,50.00,0.52,0.46,0.39,32.43,68.57,15.53,9.09,4.55,6.25,1.00,35.38,35.38,100.02,145.48,-45.46,0.37,15.69,65.99,0.93,79.19,0.43,11,1,HOU,Home,Win,0,96.0,19.0,12.0,200.0,10.0,2.0,21.0,67.0,34.0,0.51,48.0,25.0,14.87,19.0,9.0,0.47,25.0,19.0,0.76,11.0,25.0,36.0,50.00,0.56,0.66,0.57,31.43,67.57,13.33,12.79,2.56,3.57,1.43,74.62,74.62,122.75,84.39,38.36,0.50,21.84,1.58,0.83,78.21,93.85,HOU
1998-07-10,Regular,1998,6,5,CLE,Away,Loss,1,60.0,13.0,15.0,200.0,3.0,3.0,24.0,61.0,22.0,0.36,55.0,21.0,15.98,6.0,1.0,0.17,17.0,15.0,0.88,10.0,19.0,29.0,41.43,0.59,0.46,0.37,27.78,55.88,17.97,4.92,4.92,5.66,0.98,24.12,24.12,98.38,124.61,-26.23,0.33,15.95,60.99,0.87,73.19,0.20,8,3,PHO,Home,Win,1,76.0,19.0,13.0,200.0,8.0,6.0,17.0,66.0,27.0,0.41,53.0,22.0,13.92,13.0,5.0,0.38,30.0,17.0,0.57,15.0,26.0,41.0,58.57,0.70,0.52,0.45,44.12,72.22,14.10,10.56,7.92,10.91,1.15,61.25,61.25,100.36,79.23,21.13,0.42,22.41,1.46,0.62,75.73,90.88,PHO
1998-07-10,Regular,1998,9,3,CHA,Away,Win,1,63.0,12.0,14.0,200.0,9.0,3.0,14.0,64.0,23.0,0.36,49.0,20.0,7.95,15.0,3.0,0.20,20.0,14.0,0.70,8.0,30.0,38.0,50.67,0.52,0.46,0.38,22.22,76.92,16.13,14.06,4.69,6.00,0.98,41.00,41.00,98.44,85.94,12.50,0.33,14.78,64.00,0.86,76.80,0.64,4,8,SAC,Home,Loss,1,55.0,16.0,18.0,200.0,6.0,8.0,19.0,65.0,22.0,0.34,50.0,19.0,6.95,15.0,3.0,0.20,10.0,8.0,0.80,9.0,28.0,37.0,49.33,0.73,0.41,0.36,23.08,77.78,20.59,7.91,10.55,16.33,0.85,35.00,35.00,72.55,83.10,-10.55,0.30,16.91,0.89,0.33,75.81,90.97,CHA
1998-07-11,Regular,1998,4,9,UTA,Away,Loss,2,68.0,12.0,15.0,200.0,8.0,3.0,19.0,62.0,27.0,0.44,54.0,24.0,18.95,8.0,3.0,0.38,11.0,11.0,1.00,11.0,24.0,35.0,57.38,0.44,0.53,0.46,36.67,77.42,18.33,12.91,4.84,6.98,1.10,44.88,44.88,109.70,116.15,-6.45,0.41,14.26,61.99,0.80,74.39,0.53,12,1,HOU,Home,Win,1,72.0,12.0,11.0,200.0,12.0,4.0,16.0,57.0,28.0,0.49,43.0,25.0,13.95,14.0,3.0,0.21,20.0,13.0,0.65,7.0,19.0,26.0,42.62,0.43,0.59,0.52,22.58,63.33,14.32,17.74,5.91,7.41,1.26,52.00,52.00,106.43,100.52,5.91,0.46,16.85,1.09,1.09,67.65,81.18,HOU
1998-07-11,Regular,1998,6,7,DET,Away,Loss,1,53.0,9.0,18.0,200.0,10.0,4.0,23.0,67.0,20.0,0.30,60.0,19.0,12.99,7.0,1.0,0.14,22.0,12.0,0.55,15.0,16.0,31.0,39.24,0.45,0.37,0.31,32.61,48.48,19.01,14.93,5.97,7.84,0.79,15.00,15.00,79.12,116.44,-37.32,0.29,10.67,66.99,0.50,80.39,0.56,1,11,WAS,Home,Win,2,78.0,14.0,21.0,200.0,7.0,4.0,18.0,60.0,28.0,0.47,51.0,24.0,18.93,9.0,4.0,0.44,28.0,18.0,0.64,17.0,31.0,48.0,60.76,0.50,0.59,0.50,51.52,67.39,22.50,8.74,5.00,6.67,1.30,57.75,57.75,97.41,66.19,31.22,0.44,16.93,0.67,0.33,80.07,96.08,WAS
1998-07-12,Regular,1998,6,6,CLE,Away,Loss,1,66.0,22.0,20.0,200.0,7.0,7.0,21.0,55.0,27.0,0.49,49.0,23.0,20.93,6.0,4.0,0.67,12.0,8.0,0.67,4.0,18.0,22.0,41.51,0.81,0.57,0.53,18.18,58.06,24.91,12.73,12.73,14.29,1.20,43.25,43.25,120.02,158.21,-38.19,0.38,23.99,54.99,1.10,65.99,0.35,3,8,LAS,Home,Win,3,87.0,21.0,15.0,200.0,16.0,6.0,17.0,63.0,30.0,0.48,49.0,22.0,15.87,14.0,8.0,0.57,23.0,19.0,0.83,13.0,18.0,31.0,58.49,0.70,0.64,0.54,41.94,81.82,17.02,22.10,8.29,12.24,1.38,77.12,77.12,120.18,91.17,29.01,0.46,23.63,1.40,1.07,72.39,86.87,LAS
1998-07-12,Regular,1998,10,3,CHA,Away,Win,1,75.0,19.0,7.0,200.0,8.0,5.0,13.0,66.0,29.0,0.44,48.0,22.0,10.89,18.0,7.0,0.39,13.0,10.0,0.77,9.0,33.0,42.0,52.50,0.66,0.54,0.49,25.00,75.00,8.89,12.12,7.58,9.09,1.14,72.88,72.88,113.65,86.38,27.27,0.45,22.02,65.99,2.71,79.19,1.14,8,6,NYL,Home,Loss,3,57.0,15.0,10.0,200.0,4.0,1.0,14.0,67.0,21.0,0.31,55.0,17.0,8.94,12.0,4.0,0.33,15.0,11.0,0.73,11.0,27.0,38.0,47.50,0.71,0.41,0.34,25.00,75.00,11.96,5.82,1.45,2.08,0.85,35.38,35.38,82.91,109.09,-26.18,0.32,17.56,1.50,0.40,68.75,82.50,CHA
1998-07-13,Regular,1998,2,11,WAS,Away,Loss,1,67.0,14.0,24.0,200.0,5.0,3.0,21.0,56.0,25.0,0.45,51.0,21.0,19.93,5.0,4.0,0.80,20.0,13.0,0.65,16.0,19.0,35.0,54.69,0.56,0.55,0.48,50.00,59.38,27.03,8.93,5.36,5.36,1.20,35.25,35.25,119.66,144.67,-25.01,0.39,16.43,55.99,0.58,67.19,0.21,13,1,HOU,Home,Win,1,81.0,19.0,12.0,200.0,11.0,3.0,18.0,73.0,36.0,0.49,56.0,32.0,18.95,17.0,4.0,0.24,7.0,5.0,0.71,13.0,16.0,29.0,45.31,0.53,0.54,0.52,40.62,50.00,13.62,15.70,4.28,5.88,1.11,60.62,60.62,115.63,95.65,19.98,0.50,18.83,1.58,0.92,70.05,84.06,HOU
1998-07-13,Regular,1998,4,8,LAS,Away,Loss,0,62.0,10.0,22.0,200.0,10.0,5.0,29.0,60.0,21.0,0.35,53.0,19.0,13.97,7.0,2.0,0.29,24.0,18.0,0.75,12.0,23.0,35.0,53.03,0.48,0.47,0.37,37.50,67.65,23.77,16.67,8.33,10.20,1.03,25.75,25.75,103.35,120.02,-16.67,0.30,12.28,59.99,0.45,71.99,0.45,9,3,PHO,Home,Win,2,72.0,19.0,19.0,200.0,11.0,3.0,24.0,62.0,25.0,0.40,49.0,20.0,11.92,13.0,5.0,0.38,26.0,17.0,0.65,11.0,20.0,31.0,46.97,0.76,0.53,0.44,32.35,62.50,20.55,14.22,3.88,5.66,1.16,43.75,43.75,93.08,80.16,12.92,0.36,21.45,1.00,0.58,77.35,92.82,PHO
1998-07-13,Regular,1998,6,8,DET,Away,Win,1,74.0,12.0,20.0,200.0,6.0,4.0,25.0,67.0,26.0,0.39,56.0,22.0,14.94,11.0,4.0,0.36,22.0,18.0,0.82,15.0,31.0,46.0,57.50,0.46,0.52,0.42,37.50,77.50,20.69,8.96,5.97,7.84,1.10,43.25,43.25,110.46,100.01,10.45,0.36,13.43,66.99,0.60,80.39,0.30,4,10,UTA,Home,Loss,1,67.0,11.0,14.0,200.0,14.0,9.0,21.0,62.0,22.0,0.35,51.0,20.0,10.97,11.0,2.0,0.18,31.0,21.0,0.68,9.0,25.0,34.0,42.50,0.50,0.49,0.37,22.50,62.50,15.62,18.17,11.68,16.07,1.08,46.12,46.12,86.93,96.02,-9.09,0.33,14.99,0.79,1.00,77.07,92.48,DET
1998-07-14,Regular,1998,6,7,CLE,Away,Win,1,61.0,17.0,14.0,200.0,5.0,8.0,18.0,57.0,22.0,0.39,47.0,19.0,11.95,10.0,3.0,0.30,15.0,14.0,0.93,8.0,21.0,29.0,51.79,0.77,0.51,0.41,32.00,67.74,18.04,8.77,14.04,16.33,1.07,43.38,43.38,107.04,101.77,5.27,0.35,20.88,56.99,1.21,68.39,0.36,4,9,SAC,Home,Loss,3,58.0,20.0,15.0,200.0,9.0,4.0,19.0,58.0,22.0,0.38,49.0,20.0,12.97,9.0,2.0,0.22,19.0,12.0,0.63,10.0,17.0,27.0,48.21,0.91,0.47,0.40,32.26,68.00,18.44,13.57,6.03,8.51,1.00,38.62,38.62,87.44,91.96,-4.52,0.35,23.63,1.33,0.60,66.33,79.60,CLE
1998-07-15,Regular,1998,8,7,NYL,Away,Loss,2,65.0,16.0,18.0,200.0,6.0,1.0,23.0,63.0,25.0,0.40,49.0,21.0,10.94,14.0,4.0,0.29,15.0,11.0,0.73,12.0,22.0,34.0,58.62,0.64,0.49,0.43,37.50,84.62,20.55,9.53,1.59,2.22,1.03,34.12,34.12,103.19,114.30,-11.11,0.36,17.70,62.99,0.89,75.59,0.33,11,3,CHA,Home,Win,2,72.0,16.0,14.0,200.0,11.0,2.0,13.0,53.0,27.0,0.51,45.0,25.0,18.96,8.0,2.0,0.25,27.0,16.0,0.59,4.0,20.0,24.0,41.38,0.59,0.61,0.53,15.38,62.50,17.75,15.04,2.73,4.08,1.36,49.62,49.62,98.41,88.85,9.56,0.43,22.50,1.14,0.79,73.16,87.79,CHA
1998-07-15,Regular,1998,4,10,SAC,Away,Loss,0,76.0,22.0,17.0,225.0,8.0,1.0,21.0,88.0,32.0,0.36,74.0,27.0,17.94,14.0,5.0,0.36,9.0,7.0,0.78,20.0,26.0,46.0,57.50,0.69,0.42,0.39,40.82,83.87,15.60,9.09,1.14,1.85,0.86,49.62,44.11,86.37,92.06,-5.69,0.38,17.88,87.99,1.29,93.86,0.47,4,9,LAS,Home,Win,1,81.0,19.0,16.0,225.0,3.0,7.0,20.0,67.0,30.0,0.45,54.0,27.0,16.96,13.0,3.0,0.23,23.0,18.0,0.78,5.0,29.0,34.0,42.50,0.63,0.56,0.47,16.13,59.18,17.18,3.47,8.10,9.46,1.21,51.88,46.12,93.77,87.98,5.79,0.38,20.68,1.19,0.19,86.38,92.14,LAS
1998-07-15,Regular,1998,7,8,DET,Away,Loss,1,60.0,8.0,20.0,200.0,6.0,5.0,22.0,57.0,21.0,0.37,54.0,19.0,17.96,3.0,2.0,0.67,22.0,16.0,0.73,12.0,21.0,33.0,50.00,0.38,0.49,0.39,35.29,65.62,23.07,10.53,8.77,9.43,1.05,24.75,24.75,105.28,128.09,-22.81,0.32,10.62,56.99,0.40,68.39,0.30,10,3,PHO,Home,Win,1,73.0,21.0,14.0,200.0,11.0,6.0,22.0,63.0,28.0,0.44,53.0,25.0,17.95,10.0,3.0,0.30,21.0,14.0,0.67,11.0,22.0,33.0,50.00,0.75,0.54,0.47,34.38,64.71,16.23,15.09,8.23,11.11,1.16,58.38,58.38,100.11,82.28,17.83,0.42,23.66,1.50,0.79,72.92,87.50,PHO
1998-07-16,Regular,1998,8,8,NYL,Away,Loss,0,51.0,16.0,18.0,200.0,7.0,5.0,17.0,50.0,19.0,0.38,45.0,17.0,13.96,5.0,2.0,0.40,16.0,11.0,0.69,8.0,19.0,27.0,46.55,0.84,0.48,0.40,27.59,65.52,23.99,14.00,10.00,10.20,1.02,31.25,31.25,102.02,120.02,-18.00,0.32,20.79,49.99,0.89,59.99,0.39,7,7,CLE,Home,Win,1,60.0,16.0,15.0,200.0,10.0,4.0,19.0,56.0,25.0,0.45,49.0,23.0,17.96,7.0,2.0,0.29,12.0,8.0,0.67,10.0,21.0,31.0,53.45,0.64,0.51,0.46,34.48,72.41,19.66,15.36,6.14,8.89,1.07,44.75,44.75,92.17,78.34,13.83,0.41,19.58,1.07,0.67,65.10,78.12,CLE
1998-07-17,Regular,1998,2,12,WAS,Away,Loss,3,56.0,15.0,15.0,200.0,5.0,4.0,24.0,65.0,22.0,0.34,44.0,18.0,0.94,21.0,4.0,0.19,12.0,8.0,0.67,10.0,23.0,33.0,46.48,0.68,0.41,0.37,27.78,65.71,17.59,7.69,6.15,7.55,0.86,27.00,27.00,86.17,132.33,-46.16,0.31,16.72,64.99,1.00,77.99,0.33,12,3,CHA,Home,Win,1,86.0,18.0,10.0,200.0,8.0,4.0,15.0,65.0,32.0,0.49,53.0,26.0,19.91,12.0,6.0,0.50,28.0,16.0,0.57,12.0,26.0,38.0,53.52,0.56,0.60,0.54,34.29,72.22,11.45,10.66,5.33,9.09,1.32,70.75,70.75,114.59,74.62,39.97,0.51,22.31,1.80,0.80,75.05,90.06,CHA
1998-07-17,Regular,1998,4,11,UTA,Away,Loss,3,67.0,11.0,17.0,200.0,8.0,8.0,23.0,62.0,27.0,0.44,51.0,25.0,15.97,11.0,2.0,0.18,15.0,11.0,0.73,8.0,25.0,33.0,44.00,0.41,0.51,0.45,25.00,58.14,19.86,12.91,12.91,12.12,1.08,40.12,40.12,108.08,127.44,-19.36,0.38,13.19,61.99,0.65,74.39,0.47,7,9,DET,Home,Win,1,79.0,18.0,13.0,200.0,6.0,0.0,15.0,75.0,30.0,0.40,66.0,24.0,20.92,9.0,6.0,0.67,17.0,13.0,0.76,18.0,24.0,42.0,56.00,0.60,0.50,0.44,41.86,75.00,13.62,8.09,0.00,0.00,1.05,55.88,55.88,106.53,90.35,16.18,0.43,18.27,1.38,0.46,74.16,88.99,DET
1998-07-17,Regular,1998,14,1,HOU,Away,Win,3,74.0,17.0,8.0,200.0,10.0,3.0,13.0,62.0,24.0,0.39,44.0,20.0,5.94,18.0,4.0,0.22,28.0,22.0,0.79,10.0,25.0,35.0,49.30,0.71,0.54,0.42,28.57,69.44,9.72,16.13,4.84,5.26,1.19,61.25,61.25,119.37,109.70,9.67,0.40,22.76,61.99,2.12,74.39,1.25,5,9,LAS,Home,Loss,1,68.0,18.0,12.0,200.0,2.0,5.0,22.0,71.0,28.0,0.39,57.0,23.0,13.93,14.0,5.0,0.36,9.0,7.0,0.78,11.0,25.0,36.0,50.70,0.64,0.47,0.43,30.56,71.43,13.80,2.76,6.89,11.36,0.96,43.12,43.12,93.74,102.01,-8.27,0.39,18.55,1.50,0.17,72.54,87.05,HOU
1998-07-18,Regular,1998,8,7,CLE,Away,Loss,1,57.0,5.0,16.0,200.0,9.0,4.0,27.0,55.0,22.0,0.40,46.0,20.0,12.96,9.0,2.0,0.22,16.0,11.0,0.69,4.0,20.0,24.0,40.00,0.23,0.49,0.42,13.33,66.67,20.50,16.36,7.27,10.53,1.04,17.25,17.25,103.64,130.91,-27.27,0.33,7.25,55.00,0.31,66.00,0.56,8,9,DET,Home,Win,0,72.0,11.0,14.0,200.0,5.0,2.0,14.0,54.0,20.0,0.37,38.0,15.0,3.91,16.0,5.0,0.31,35.0,27.0,0.77,10.0,26.0,36.0,60.00,0.55,0.58,0.42,33.33,86.67,16.79,6.96,2.78,4.35,1.33,44.88,44.88,100.15,79.29,20.86,0.34,17.30,0.79,0.36,71.89,86.27,DET
1998-07-18,Regular,1998,8,9,NYL,Away,Win,1,69.0,11.0,18.0,200.0,9.0,2.0,28.0,51.0,26.0,0.51,49.0,25.0,23.98,2.0,1.0,0.50,23.0,16.0,0.70,5.0,23.0,28.0,51.85,0.42,0.62,0.52,23.81,69.70,22.75,17.65,3.92,4.88,1.35,34.38,34.38,135.32,123.55,11.77,0.41,15.74,50.99,0.61,61.19,0.50,11,3,PHO,Home,Loss,2,63.0,19.0,16.0,200.0,9.0,0.0,20.0,56.0,21.0,0.38,41.0,18.0,5.95,15.0,3.0,0.20,28.0,18.0,0.64,10.0,16.0,26.0,48.15,0.90,0.51,0.40,30.30,76.19,18.98,13.08,0.00,0.00,1.12,34.50,34.50,91.57,100.29,-8.72,0.34,24.15,1.19,0.56,68.80,82.56,NYL
1998-07-18,Regular,1998,15,1,HOU,Away,Win,0,75.0,12.0,16.0,200.0,12.0,5.0,9.0,60.0,25.0,0.42,41.0,18.0,5.88,19.0,7.0,0.37,21.0,18.0,0.86,9.0,27.0,36.0,50.00,0.48,0.58,0.47,30.00,64.29,18.77,20.00,8.33,8.33,1.25,59.88,59.88,125.02,73.35,51.67,0.37,15.24,59.99,0.75,71.99,0.75,4,11,SAC,Home,Loss,2,44.0,13.0,22.0,200.0,10.0,6.0,15.0,66.0,18.0,0.27,60.0,18.0,12.00,6.0,0.0,0.00,10.0,8.0,0.80,15.0,21.0,36.0,50.00,0.72,0.32,0.27,35.71,70.00,23.81,14.16,8.50,14.63,0.67,21.00,21.00,62.32,106.23,-43.91,0.25,13.46,0.59,0.45,70.60,84.72,HOU
1998-07-19,Regular,1998,13,3,CHA,Away,Loss,1,69.0,15.0,15.0,200.0,9.0,2.0,21.0,73.0,28.0,0.38,61.0,26.0,15.97,12.0,2.0,0.17,17.0,11.0,0.65,14.0,16.0,30.0,51.72,0.54,0.45,0.40,36.84,80.00,15.71,12.33,2.74,4.35,0.95,34.38,34.38,94.53,116.45,-21.92,0.38,15.70,72.99,1.00,87.59,0.60,8,8,CLE,Home,Win,0,85.0,25.0,19.0,200.0,9.0,3.0,19.0,56.0,30.0,0.54,46.0,25.0,19.91,10.0,5.0,0.50,23.0,20.0,0.87,4.0,24.0,28.0,48.28,0.83,0.70,0.58,20.00,63.16,22.32,11.22,3.74,4.92,1.52,64.88,64.88,105.95,86.00,19.95,0.42,27.81,1.32,0.47,80.23,96.28,CLE
1998-07-19,Regular,1998,4,12,UTA,Away,Win,1,99.0,19.0,20.0,200.0,9.0,5.0,18.0,59.0,33.0,0.56,53.0,29.0,26.93,6.0,4.0,0.67,39.0,29.0,0.74,12.0,31.0,43.0,61.43,0.58,0.73,0.59,48.00,68.89,20.80,15.26,8.48,10.42,1.68,79.38,79.38,167.85,149.20,18.65,0.49,23.50,58.98,0.95,70.78,0.45,2,13,WAS,Home,Loss,1,88.0,8.0,13.0,200.0,8.0,4.0,30.0,75.0,30.0,0.40,48.0,20.0,2.87,27.0,10.0,0.37,24.0,18.0,0.75,14.0,13.0,27.0,38.57,0.27,0.55,0.47,31.11,52.00,13.19,11.01,5.51,7.55,1.17,38.50,38.50,121.16,136.31,-15.15,0.41,9.36,0.62,0.62,72.63,87.16,UTA
1998-07-20,Regular,1998,4,12,SAC,Away,Loss,1,67.0,15.0,19.0,200.0,7.0,2.0,24.0,63.0,32.0,0.51,54.0,31.0,22.98,9.0,1.0,0.11,2.0,2.0,1.00,7.0,19.0,26.0,47.27,0.47,0.53,0.52,25.00,70.37,22.92,11.11,3.18,4.26,1.06,33.25,33.25,106.37,139.70,-33.33,0.43,15.61,62.99,0.79,75.59,0.37,11,4,PHO,Home,Win,1,88.0,23.0,14.0,200.0,7.0,1.0,9.0,61.0,31.0,0.51,47.0,25.0,16.90,14.0,6.0,0.43,27.0,20.0,0.74,8.0,21.0,29.0,52.73,0.74,0.66,0.56,29.63,75.00,16.11,9.10,1.30,1.85,1.44,68.38,68.38,114.37,87.08,27.29,0.46,26.71,1.64,0.50,76.94,92.33,PHO
1998-07-21,Regular,1998,9,9,NYL,Away,Win,2,92.0,25.0,12.0,200.0,8.0,7.0,17.0,58.0,32.0,0.55,49.0,28.0,22.93,9.0,4.0,0.44,28.0,24.0,0.86,7.0,23.0,30.0,50.00,0.78,0.72,0.59,29.17,63.89,14.58,13.80,12.07,12.73,1.59,81.75,81.75,158.65,132.78,25.87,0.51,30.24,57.99,2.08,69.59,0.67,5,10,LAS,Home,Loss,3,77.0,22.0,15.0,200.0,9.0,2.0,25.0,69.0,29.0,0.42,55.0,23.0,14.91,14.0,6.0,0.43,18.0,13.0,0.72,13.0,17.0,30.0,50.00,0.76,0.53,0.46,36.11,70.83,16.32,12.39,2.75,4.08,1.12,49.75,49.75,105.99,126.63,-20.64,0.41,22.43,1.47,0.60,72.65,87.18,NYL
1998-07-21,Regular,1998,16,1,HOU,Away,Win,2,65.0,6.0,13.0,200.0,11.0,2.0,17.0,52.0,20.0,0.38,44.0,20.0,12.00,8.0,0.0,0.00,30.0,25.0,0.83,11.0,18.0,29.0,46.03,0.30,0.55,0.38,34.38,58.06,16.62,21.16,3.85,5.00,1.25,36.75,36.75,125.02,119.25,5.77,0.37,10.38,51.99,0.46,62.39,0.85,12,4,PHO,Home,Loss,0,62.0,16.0,18.0,200.0,5.0,2.0,23.0,55.0,21.0,0.38,40.0,14.0,5.87,15.0,7.0,0.47,19.0,13.0,0.68,13.0,21.0,34.0,53.97,0.76,0.52,0.45,41.94,65.62,22.12,7.50,3.00,4.55,1.13,35.88,35.88,92.97,97.47,-4.50,0.35,19.84,0.89,0.28,66.69,80.03,HOU
1998-07-21,Regular,1998,13,4,CHA,Away,Win,1,84.0,13.0,18.0,200.0,10.0,2.0,21.0,59.0,28.0,0.47,47.0,23.0,15.92,12.0,5.0,0.42,27.0,23.0,0.85,7.0,27.0,34.0,53.12,0.46,0.65,0.52,26.92,71.05,20.25,16.95,3.39,4.00,1.42,53.38,53.38,142.40,113.58,28.82,0.40,16.64,58.99,0.72,70.79,0.56,2,14,WAS,Home,Loss,1,67.0,11.0,15.0,200.0,9.0,5.0,23.0,67.0,22.0,0.33,50.0,18.0,4.94,17.0,4.0,0.24,24.0,19.0,0.79,11.0,19.0,30.0,46.88,0.50,0.46,0.36,28.95,73.08,16.21,12.17,6.76,10.64,1.00,31.50,31.50,90.61,113.61,-23.00,0.31,13.34,0.73,0.60,73.94,88.73,CHA
1998-07-22,Regular,1998,5,12,UTA,Away,Win,2,61.0,11.0,24.0,200.0,8.0,7.0,12.0,59.0,23.0,0.39,50.0,18.0,13.92,9.0,5.0,0.56,20.0,10.0,0.50,14.0,29.0,43.0,59.72,0.48,0.48,0.43,40.00,78.38,26.14,13.56,11.87,11.67,1.03,41.00,41.00,103.41,98.32,5.09,0.33,12.91,58.99,0.46,70.79,0.33,14,4,CHA,Home,Loss,0,58.0,19.0,16.0,200.0,14.0,1.0,16.0,68.0,26.0,0.38,60.0,26.0,18.00,8.0,0.0,0.00,9.0,6.0,0.67,8.0,21.0,29.0,40.28,0.73,0.41,0.38,21.62,60.00,18.19,18.62,1.33,2.00,0.85,37.38,37.38,77.13,81.12,-3.99,0.34,19.18,1.19,0.88,75.20,90.24,UTA
1998-07-22,Regular,1998,2,15,WAS,Away,Loss,0,61.0,9.0,14.0,200.0,10.0,0.0,23.0,67.0,21.0,0.31,51.0,19.0,4.97,16.0,2.0,0.12,22.0,17.0,0.77,8.0,23.0,31.0,43.06,0.43,0.42,0.33,22.22,63.89,15.44,14.93,0.00,0.00,0.91,21.25,21.25,91.04,113.43,-22.39,0.29,11.21,67.00,0.64,80.40,0.71,9,9,DET,Home,Win,3,76.0,16.0,19.0,200.0,8.0,7.0,23.0,60.0,27.0,0.45,52.0,24.0,18.95,8.0,3.0,0.38,29.0,19.0,0.66,13.0,28.0,41.0,56.94,0.59,0.57,0.47,36.11,77.78,20.71,10.08,8.82,13.73,1.27,54.62,54.62,95.72,76.83,18.89,0.41,19.46,0.84,0.42,79.40,95.28,DET
1998-07-23,Regular,1998,12,5,PHO,Away,Loss,1,68.0,21.0,13.0,200.0,6.0,5.0,21.0,62.0,25.0,0.40,49.0,22.0,11.95,13.0,3.0,0.23,21.0,15.0,0.71,13.0,18.0,31.0,56.36,0.84,0.51,0.43,39.39,81.82,15.43,9.68,8.07,9.80,1.10,48.62,48.62,109.70,112.92,-3.22,0.40,24.20,61.99,1.62,74.39,0.46,5,11,LAS,Home,Win,1,70.0,13.0,13.0,200.0,9.0,6.0,21.0,55.0,28.0,0.51,51.0,26.0,23.96,4.0,2.0,0.50,18.0,12.0,0.67,4.0,20.0,24.0,43.64,0.46,0.59,0.53,18.18,60.61,17.12,12.79,8.52,12.24,1.27,45.50,45.50,99.45,96.60,2.85,0.44,17.79,1.00,0.69,70.39,84.47,LAS
1998-07-24,Regular,1998,10,9,NYL,Away,Win,2,76.0,18.0,12.0,200.0,14.0,2.0,23.0,60.0,27.0,0.45,54.0,26.0,20.98,6.0,1.0,0.17,31.0,21.0,0.68,15.0,23.0,38.0,63.33,0.67,0.57,0.46,50.00,76.67,14.01,23.34,3.33,4.44,1.27,62.12,62.12,126.69,90.02,36.67,0.47,23.57,59.99,1.50,71.99,1.17,4,13,SAC,Home,Loss,3,54.0,10.0,18.0,200.0,6.0,3.0,23.0,51.0,18.0,0.35,45.0,17.0,11.98,6.0,1.0,0.17,24.0,17.0,0.71,7.0,15.0,22.0,36.67,0.56,0.48,0.36,23.33,50.00,22.62,8.91,4.45,5.56,1.06,14.50,14.50,80.15,112.81,-32.66,0.29,14.61,0.56,0.33,67.37,80.84,NYL
1998-07-25,Regular,1998,17,1,HOU,Away,Win,3,67.0,15.0,19.0,200.0,7.0,5.0,16.0,56.0,25.0,0.45,32.0,14.0,0.80,24.0,11.0,0.46,10.0,6.0,0.60,6.0,23.0,29.0,43.94,0.60,0.58,0.54,20.00,63.89,23.93,12.50,8.93,9.80,1.20,44.50,44.50,119.66,103.59,16.07,0.36,17.52,55.99,0.79,67.19,0.37,14,5,CHA,Home,Loss,2,58.0,19.0,18.0,200.0,11.0,3.0,16.0,68.0,24.0,0.35,51.0,22.0,6.97,17.0,2.0,0.12,11.0,8.0,0.73,13.0,24.0,37.0,56.06,0.79,0.41,0.37,36.11,80.00,19.82,14.89,4.06,9.38,0.85,40.88,40.88,78.53,90.71,-12.18,0.33,18.97,1.06,0.61,73.86,88.63,HOU
1998-07-25,Regular,1998,6,12,UTA,Away,Loss,2,59.0,18.0,19.0,200.0,8.0,2.0,20.0,64.0,22.0,0.34,48.0,15.0,5.89,16.0,7.0,0.44,12.0,8.0,0.67,10.0,24.0,34.0,54.84,0.82,0.44,0.40,27.03,96.00,21.52,12.50,3.13,4.26,0.92,33.50,33.50,92.20,107.83,-15.63,0.30,18.80,63.99,0.95,76.79,0.42,9,8,CLE,Home,Win,5,69.0,23.0,12.0,200.0,6.0,4.0,12.0,54.0,26.0,0.48,47.0,23.0,18.94,7.0,3.0,0.43,19.0,14.0,0.74,1.0,27.0,28.0,45.16,0.88,0.59,0.51,4.00,72.97,16.14,8.27,5.51,8.33,1.28,57.62,57.62,95.13,81.35,13.78,0.40,28.52,1.92,0.50,72.53,87.04,CLE
1998-07-25,Regular,1998,6,11,LAS,Away,Loss,1,67.0,7.0,10.0,200.0,7.0,4.0,21.0,78.0,26.0,0.33,59.0,21.0,6.94,19.0,5.0,0.26,13.0,10.0,0.77,16.0,23.0,39.0,49.37,0.27,0.41,0.37,33.33,74.19,10.67,8.98,5.13,7.41,0.86,34.38,34.38,85.91,88.47,-2.56,0.36,7.84,77.99,0.70,93.59,0.70,10,9,DET,Home,Win,2,69.0,15.0,15.0,200.0,7.0,3.0,15.0,63.0,28.0,0.44,54.0,27.0,18.98,9.0,1.0,0.11,19.0,12.0,0.63,8.0,32.0,40.0,50.63,0.54,0.51,0.45,25.81,66.67,17.37,8.96,3.84,5.08,1.10,49.12,49.12,88.34,85.78,2.56,0.40,17.72,1.00,0.47,78.11,93.73,DET
1998-07-26,Regular,1998,11,9,DET,Away,Loss,0,62.0,14.0,18.0,200.0,12.0,1.0,21.0,62.0,23.0,0.37,49.0,20.0,9.95,13.0,3.0,0.23,16.0,13.0,0.81,14.0,16.0,30.0,47.62,0.61,0.47,0.40,37.84,61.54,20.68,19.36,1.61,2.00,1.00,34.00,34.00,100.02,125.83,-25.81,0.35,16.10,61.99,0.78,74.39,0.67,11,9,NYL,Home,Win,1,78.0,23.0,21.0,200.0,12.0,5.0,17.0,57.0,29.0,0.51,50.0,26.0,21.95,7.0,3.0,0.43,19.0,17.0,0.89,10.0,23.0,33.0,52.38,0.79,0.64,0.54,38.46,62.16,24.32,15.68,6.53,10.20,1.37,65.88,65.88,101.93,81.02,20.91,0.43,24.83,1.10,0.57,76.52,91.82,NYL
1998-07-26,Regular,1998,4,14,SAC,Away,Win,1,79.0,16.0,22.0,200.0,8.0,6.0,18.0,50.0,23.0,0.46,49.0,22.0,21.98,1.0,1.0,1.00,41.0,32.0,0.78,7.0,33.0,40.0,57.97,0.70,0.67,0.47,25.00,80.49,24.43,16.00,12.00,11.32,1.58,56.88,56.88,158.03,130.03,28.00,0.35,22.87,49.99,0.73,59.99,0.36,2,16,WAS,Home,Loss,3,65.0,15.0,13.0,200.0,16.0,5.0,30.0,71.0,28.0,0.39,53.0,26.0,9.97,18.0,2.0,0.11,13.0,7.0,0.54,8.0,21.0,29.0,42.03,0.54,0.44,0.41,19.51,75.00,14.49,20.91,6.54,10.20,0.92,38.62,38.62,84.96,103.25,-18.29,0.37,16.08,1.15,1.23,76.51,91.81,SAC
1998-07-27,Regular,1998,5,14,SAC,Away,Win,0,76.0,16.0,15.0,200.0,9.0,1.0,25.0,56.0,27.0,0.48,54.0,26.0,24.98,2.0,1.0,0.50,33.0,21.0,0.64,8.0,25.0,33.0,51.56,0.59,0.60,0.49,28.57,69.44,17.54,16.07,1.79,2.27,1.36,46.88,46.88,135.74,125.02,10.72,0.43,22.08,55.99,1.07,67.19,0.60,14,6,CHA,Home,Loss,1,70.0,18.0,17.0,200.0,6.0,2.0,25.0,55.0,22.0,0.40,44.0,20.0,10.96,11.0,2.0,0.18,33.0,24.0,0.73,11.0,20.0,31.0,48.44,0.82,0.56,0.42,30.56,71.43,19.65,8.26,2.75,3.70,1.27,38.88,38.88,96.33,104.58,-8.25,0.36,23.85,1.06,0.35,72.67,87.20,SAC
1998-07-27,Regular,1998,6,12,LAS,Away,Loss,1,67.0,18.0,16.0,200.0,8.0,2.0,27.0,63.0,24.0,0.38,50.0,20.0,10.94,13.0,4.0,0.31,20.0,15.0,0.75,10.0,20.0,30.0,46.88,0.75,0.50,0.41,25.64,80.00,18.22,12.70,3.18,4.08,1.06,35.75,35.75,106.37,131.77,-25.40,0.35,20.41,62.99,1.12,75.59,0.50,10,8,CLE,Home,Win,1,83.0,24.0,15.0,200.0,6.0,5.0,19.0,55.0,31.0,0.56,49.0,29.0,24.96,6.0,2.0,0.33,29.0,19.0,0.66,5.0,29.0,34.0,53.12,0.77,0.68,0.58,20.00,74.36,18.12,7.71,6.43,10.00,1.51,68.12,68.12,106.66,86.10,20.56,0.48,29.54,1.60,0.40,77.82,93.38,CLE
1998-07-27,Regular,1998,12,6,PHO,Away,Loss,3,80.0,19.0,22.0,200.0,16.0,4.0,20.0,63.0,29.0,0.46,45.0,22.0,10.89,18.0,7.0,0.39,25.0,15.0,0.60,9.0,19.0,28.0,43.75,0.66,0.58,0.52,25.71,65.52,22.92,25.40,6.35,7.84,1.27,53.62,53.62,127.00,142.88,-15.88,0.38,20.43,62.99,0.86,75.59,0.73,6,13,UTA,Home,Win,1,90.0,17.0,22.0,200.0,13.0,5.0,24.0,59.0,30.0,0.51,51.0,23.0,21.88,8.0,7.0,0.88,27.0,23.0,0.85,10.0,26.0,36.0,56.25,0.57,0.69,0.57,34.48,74.29,23.69,15.63,6.01,11.11,1.53,66.12,66.12,108.20,96.18,12.02,0.42,19.74,0.77,0.59,83.18,99.82,UTA
1998-07-28,Regular,1998,12,7,PHO,Away,Loss,0,62.0,10.0,16.0,200.0,3.0,3.0,19.0,56.0,24.0,0.43,42.0,18.0,9.89,14.0,6.0,0.43,10.0,8.0,0.80,7.0,23.0,30.0,48.39,0.42,0.53,0.48,25.00,67.65,20.94,5.36,5.36,6.00,1.11,31.00,31.00,110.73,128.59,-17.86,0.37,12.89,55.99,0.62,67.19,0.19,18,1,HOU,Home,Win,2,72.0,12.0,7.0,200.0,8.0,2.0,16.0,66.0,27.0,0.41,50.0,22.0,10.92,16.0,5.0,0.31,16.0,13.0,0.81,11.0,21.0,32.0,51.61,0.44,0.52,0.45,32.35,75.00,8.75,12.30,3.07,4.76,1.09,50.25,50.25,110.67,95.30,15.37,0.44,15.39,1.71,1.14,65.06,78.07,HOU
1998-07-29,Regular,1998,6,14,SAC,Away,Loss,1,67.0,23.0,22.0,200.0,13.0,7.0,23.0,69.0,30.0,0.43,61.0,28.0,21.97,8.0,2.0,0.25,7.0,5.0,0.71,12.0,16.0,28.0,50.91,0.77,0.47,0.45,37.50,69.57,23.38,18.84,10.15,14.58,0.97,46.12,46.12,97.12,108.71,-11.59,0.38,20.74,68.99,1.05,82.79,0.59,11,8,CLE,Home,Win,1,75.0,19.0,17.0,200.0,8.0,6.0,15.0,57.0,24.0,0.42,48.0,21.0,14.95,9.0,3.0,0.33,29.0,24.0,0.83,7.0,20.0,27.0,49.09,0.79,0.59,0.45,30.43,62.50,19.59,10.46,7.85,9.84,1.32,51.88,51.88,98.10,87.64,10.46,0.36,23.68,1.12,0.47,76.45,91.74,CLE
1998-07-29,Regular,1998,6,13,LAS,Away,Win,1,77.0,13.0,16.0,200.0,9.0,4.0,24.0,69.0,29.0,0.42,58.0,25.0,17.94,11.0,4.0,0.36,26.0,15.0,0.58,17.0,24.0,41.0,54.67,0.45,0.52,0.45,45.95,63.16,16.59,13.05,5.80,7.27,1.12,48.50,48.50,111.61,98.57,13.04,0.43,15.02,68.99,0.81,82.79,0.56,2,17,WAS,Home,Loss,2,68.0,15.0,16.0,200.0,9.0,1.0,23.0,65.0,26.0,0.40,55.0,23.0,15.95,10.0,3.0,0.30,25.0,13.0,0.52,14.0,20.0,34.0,45.33,0.58,0.48,0.42,36.84,54.05,17.39,12.19,1.35,1.72,1.05,36.38,36.38,92.12,104.31,-12.19,0.39,17.65,0.94,0.56,73.82,88.58,LAS
1998-07-30,Regular,1998,12,8,CLE,Away,Loss,0,64.0,17.0,19.0,200.0,6.0,1.0,17.0,57.0,25.0,0.44,49.0,21.0,16.93,8.0,4.0,0.50,16.0,10.0,0.62,8.0,19.0,27.0,45.00,0.68,0.53,0.47,25.00,67.86,22.88,10.53,1.75,1.92,1.12,34.00,34.00,112.30,138.62,-26.32,0.37,19.78,56.99,0.89,68.39,0.32,14,7,CHA,Home,Win,2,79.0,23.0,14.0,200.0,9.0,3.0,14.0,61.0,32.0,0.52,52.0,31.0,22.98,9.0,1.0,0.11,17.0,14.0,0.82,9.0,24.0,33.0,55.00,0.72,0.61,0.53,32.14,75.00,16.97,12.27,4.09,6.12,1.30,67.88,67.88,107.72,87.26,20.46,0.48,25.41,1.64,0.64,73.34,88.01,CHA
1998-07-30,Regular,1998,7,13,UTA,Away,Loss,2,65.0,18.0,22.0,200.0,8.0,6.0,21.0,59.0,26.0,0.44,42.0,19.0,8.88,17.0,7.0,0.41,13.0,6.0,0.46,7.0,23.0,30.0,46.88,0.69,0.53,0.50,22.58,69.70,25.37,13.56,10.17,11.76,1.10,39.62,39.62,110.19,149.18,-38.99,0.35,19.30,58.99,0.82,70.79,0.36,19,1,HOU,Home,Win,1,88.0,19.0,14.0,200.0,15.0,2.0,11.0,65.0,31.0,0.48,51.0,26.0,16.92,14.0,5.0,0.36,27.0,21.0,0.78,10.0,24.0,34.0,53.12,0.61,0.62,0.52,30.30,77.42,15.40,18.96,2.53,4.76,1.35,73.62,73.62,111.25,82.17,29.08,0.45,22.06,1.36,1.07,79.10,94.92,HOU
1998-07-31,Regular,1998,6,15,SAC,Away,Loss,1,77.0,24.0,9.0,200.0,7.0,1.0,19.0,70.0,29.0,0.41,62.0,24.0,20.93,8.0,5.0,0.62,23.0,14.0,0.61,12.0,21.0,33.0,51.56,0.83,0.51,0.45,31.58,80.77,10.10,10.00,1.43,2.17,1.10,57.12,57.12,110.02,111.44,-1.42,0.43,25.84,69.99,2.67,83.99,0.78,11,10,DET,Home,Win,4,78.0,22.0,12.0,200.0,5.0,7.0,17.0,56.0,29.0,0.52,46.0,25.0,18.93,10.0,4.0,0.40,23.0,16.0,0.70,5.0,26.0,31.0,48.44,0.76,0.64,0.55,19.23,68.42,15.36,6.89,9.65,11.29,1.39,65.38,65.38,107.53,106.15,1.38,0.46,27.54,1.83,0.42,72.54,87.05,DET
1998-07-31,Regular,1998,12,8,PHO,Away,Loss,2,56.0,12.0,12.0,200.0,6.0,2.0,21.0,71.0,20.0,0.28,55.0,15.0,3.93,16.0,5.0,0.31,19.0,11.0,0.58,18.0,22.0,40.0,49.38,0.60,0.37,0.32,36.00,70.97,13.13,8.45,2.82,3.92,0.79,27.62,27.62,78.88,100.01,-21.13,0.31,13.85,70.99,1.00,85.19,0.50,7,13,LAS,Home,Win,1,71.0,18.0,13.0,200.0,9.0,9.0,18.0,60.0,25.0,0.42,51.0,20.0,15.92,9.0,5.0,0.56,21.0,16.0,0.76,9.0,32.0,41.0,50.62,0.72,0.55,0.46,29.03,64.00,15.81,12.30,12.30,16.36,1.18,65.12,65.12,97.02,76.52,20.50,0.39,22.02,1.38,0.69,73.18,87.82,LAS
1998-08-01,Regular,1998,12,9,CLE,Away,Win,1,74.0,20.0,23.0,225.0,15.0,2.0,20.0,58.0,27.0,0.47,48.0,25.0,16.97,10.0,2.0,0.20,22.0,18.0,0.82,13.0,24.0,37.0,59.68,0.74,0.59,0.48,41.94,77.42,25.36,25.87,3.45,4.44,1.28,57.25,50.89,127.61,122.43,5.18,0.40,21.90,57.99,0.87,61.86,0.65,20,1,HOU,Home,Loss,1,71.0,16.0,19.0,225.0,16.0,4.0,18.0,61.0,25.0,0.41,45.0,21.0,8.93,16.0,4.0,0.25,20.0,17.0,0.85,7.0,18.0,25.0,40.32,0.64,0.54,0.44,22.58,58.06,21.40,20.72,5.18,8.33,1.16,46.25,41.11,91.96,95.84,-3.88,0.34,18.35,0.84,0.84,77.21,82.36,CLE
1998-08-01,Regular,1998,8,13,LAS,Away,Win,0,73.0,16.0,11.0,200.0,15.0,7.0,23.0,71.0,31.0,0.44,64.0,30.0,23.99,7.0,1.0,0.14,13.0,10.0,0.77,9.0,21.0,30.0,45.45,0.52,0.49,0.44,32.14,55.26,12.54,21.13,9.86,14.58,1.03,55.12,55.12,102.83,91.56,11.27,0.42,17.34,70.99,1.45,85.19,1.36,7,14,UTA,Home,Loss,1,65.0,13.0,22.0,200.0,4.0,8.0,16.0,61.0,23.0,0.38,48.0,19.0,9.93,13.0,4.0,0.31,29.0,15.0,0.52,17.0,19.0,36.0,54.55,0.57,0.48,0.41,44.74,67.86,22.97,5.31,10.61,12.50,1.07,34.62,34.62,86.21,96.82,-10.61,0.35,15.62,0.59,0.18,75.40,90.48,LAS
1998-08-01,Regular,1998,12,9,NYL,Away,Win,5,67.0,17.0,14.0,200.0,10.0,1.0,16.0,53.0,24.0,0.45,49.0,23.0,19.98,4.0,1.0,0.25,28.0,18.0,0.64,10.0,22.0,32.0,49.23,0.71,0.57,0.46,34.48,61.11,17.65,18.87,1.89,2.86,1.26,49.25,49.25,126.44,100.02,26.42,0.42,23.72,52.99,1.21,63.59,0.71,2,18,WAS,Home,Loss,2,53.0,8.0,22.0,200.0,7.0,3.0,22.0,55.0,18.0,0.33,35.0,9.0,-2.16,20.0,9.0,0.45,14.0,8.0,0.57,14.0,19.0,33.0,50.77,0.44,0.46,0.41,38.89,65.52,26.46,10.64,4.56,6.12,0.96,19.75,19.75,80.55,101.82,-21.27,0.29,10.15,0.36,0.32,65.80,78.96,NYL
1998-08-02,Regular,1998,6,16,SAC,Away,Loss,1,53.0,13.0,20.0,200.0,8.0,4.0,22.0,56.0,21.0,0.38,48.0,20.0,12.98,8.0,1.0,0.12,18.0,10.0,0.56,11.0,17.0,28.0,43.75,0.62,0.44,0.38,36.67,50.00,23.83,14.29,7.14,8.33,0.95,22.00,22.00,94.66,125.02,-30.36,0.32,16.03,55.99,0.65,67.19,0.40,20,2,HOU,Home,Win,0,70.0,11.0,15.0,200.0,9.0,1.0,14.0,65.0,23.0,0.35,48.0,20.0,5.95,17.0,3.0,0.18,23.0,21.0,0.91,17.0,19.0,36.0,56.25,0.48,0.50,0.38,50.00,63.33,16.64,13.24,1.47,2.08,1.08,42.88,42.88,102.97,77.96,25.01,0.37,13.60,0.73,0.60,67.98,81.58,HOU
1998-08-02,Regular,1998,15,7,CHA,Away,Loss,2,67.0,14.0,18.0,200.0,10.0,4.0,19.0,70.0,22.0,0.31,62.0,21.0,13.99,8.0,1.0,0.12,24.0,22.0,0.92,16.0,23.0,39.0,52.70,0.64,0.45,0.32,43.24,62.16,18.26,14.29,5.72,6.56,0.96,39.25,39.25,95.73,121.45,-25.72,0.31,15.31,69.99,0.78,83.99,0.56,13,9,NYL,Home,Win,0,85.0,18.0,13.0,200.0,11.0,4.0,20.0,72.0,31.0,0.43,61.0,23.0,19.89,11.0,8.0,0.73,20.0,15.0,0.75,14.0,21.0,35.0,47.30,0.58,0.56,0.49,37.84,56.76,13.86,14.58,5.30,6.45,1.18,63.25,63.25,112.66,88.80,23.86,0.44,19.11,1.38,0.85,75.45,90.54,NYL
1998-08-03,Regular,1998,12,10,DET,Away,Loss,2,68.0,12.0,15.0,200.0,9.0,2.0,20.0,63.0,26.0,0.41,55.0,22.0,17.94,8.0,4.0,0.50,20.0,12.0,0.60,9.0,25.0,34.0,48.57,0.46,0.50,0.44,29.03,64.10,17.28,14.29,3.18,3.70,1.08,39.00,39.00,107.95,112.72,-4.77,0.38,14.78,62.99,0.80,75.59,0.60,15,8,CHA,Home,Win,0,71.0,20.0,15.0,200.0,9.0,5.0,16.0,65.0,27.0,0.42,54.0,24.0,15.95,11.0,3.0,0.27,23.0,14.0,0.61,14.0,22.0,36.0,51.43,0.74,0.51,0.44,35.90,70.97,16.64,12.26,6.81,9.09,1.09,55.12,55.12,96.74,92.66,4.08,0.41,22.25,1.33,0.60,73.39,88.07,CHA
1998-08-03,Regular,1998,2,19,WAS,Away,Loss,1,72.0,14.0,27.0,200.0,11.0,2.0,36.0,67.0,25.0,0.37,47.0,17.0,4.88,20.0,8.0,0.40,20.0,14.0,0.70,11.0,21.0,32.0,43.84,0.56,0.50,0.43,28.95,60.00,26.26,16.42,2.99,3.92,1.07,23.00,23.00,107.48,128.38,-20.90,0.30,14.11,66.99,0.52,80.39,0.41,9,13,LAS,Home,Win,1,86.0,18.0,21.0,200.0,16.0,4.0,21.0,59.0,22.0,0.37,51.0,20.0,13.97,8.0,2.0,0.25,51.0,40.0,0.78,14.0,27.0,41.0,56.16,0.82,0.61,0.39,40.00,71.05,20.50,18.42,4.60,8.51,1.46,63.38,63.38,98.99,82.87,16.12,0.33,23.82,0.86,0.76,86.88,104.26,LAS
1998-08-04,Regular,1998,2,20,WAS,Away,Loss,0,59.0,14.0,23.0,200.0,10.0,7.0,28.0,67.0,25.0,0.37,54.0,21.0,11.94,13.0,4.0,0.31,9.0,5.0,0.56,10.0,19.0,29.0,40.28,0.56,0.43,0.40,28.57,51.35,24.48,14.93,10.45,12.07,0.88,23.62,23.62,88.07,131.36,-43.29,0.31,13.99,66.99,0.61,80.39,0.43,12,9,PHO,Home,Win,3,88.0,22.0,14.0,200.0,15.0,7.0,15.0,68.0,29.0,0.43,58.0,28.0,18.99,10.0,1.0,0.10,42.0,29.0,0.69,18.0,25.0,43.0,59.72,0.76,0.57,0.43,48.65,71.43,13.93,18.44,8.61,12.96,1.29,80.50,80.50,108.20,72.54,35.66,0.45,25.72,1.57,1.07,81.33,97.60,PHO
1998-08-04,Regular,1998,13,9,CLE,Away,Win,2,72.0,17.0,16.0,200.0,16.0,4.0,20.0,61.0,25.0,0.41,51.0,21.0,14.93,10.0,4.0,0.40,23.0,18.0,0.78,17.0,18.0,35.0,53.85,0.68,0.54,0.44,50.00,58.06,18.37,26.23,6.56,8.51,1.18,59.12,59.12,118.05,98.38,19.67,0.42,20.27,60.99,1.06,73.19,1.00,6,17,SAC,Home,Loss,1,60.0,13.0,26.0,200.0,12.0,7.0,23.0,55.0,23.0,0.42,47.0,21.0,14.96,8.0,2.0,0.25,18.0,12.0,0.67,13.0,17.0,30.0,46.15,0.57,0.51,0.44,41.94,50.00,29.24,16.36,9.54,13.73,1.09,32.25,32.25,81.79,98.15,-16.36,0.34,15.10,0.50,0.46,73.36,88.03,CLE
1998-08-04,Regular,1998,21,2,HOU,Away,Win,1,77.0,15.0,8.0,200.0,11.0,3.0,17.0,53.0,26.0,0.49,30.0,18.0,2.85,23.0,8.0,0.35,20.0,17.0,0.85,8.0,18.0,26.0,49.06,0.58,0.67,0.57,30.77,66.67,11.46,20.76,5.66,8.57,1.45,63.75,63.75,145.31,107.57,37.74,0.49,22.32,52.99,1.88,63.59,1.38,7,15,UTA,Home,Loss,2,57.0,11.0,16.0,200.0,3.0,2.0,21.0,51.0,19.0,0.37,35.0,15.0,2.92,16.0,4.0,0.25,19.0,15.0,0.79,9.0,18.0,27.0,50.94,0.58,0.52,0.41,33.33,69.23,21.23,4.75,3.17,6.67,1.12,23.62,23.62,90.20,121.85,-31.65,0.33,15.80,0.69,0.19,63.19,75.83,HOU
1998-08-05,Regular,1998,14,9,NYL,Away,Loss,2,61.0,13.0,16.0,200.0,6.0,1.0,24.0,63.0,25.0,0.40,49.0,23.0,10.97,14.0,2.0,0.14,13.0,9.0,0.69,12.0,17.0,29.0,50.88,0.52,0.46,0.41,36.36,70.83,18.89,9.53,1.59,2.78,0.97,25.62,25.62,96.84,109.54,-12.70,0.37,15.07,62.99,0.81,75.59,0.38,16,8,CHA,Home,Win,1,69.0,19.0,15.0,200.0,10.0,4.0,12.0,50.0,25.0,0.50,36.0,19.0,10.88,14.0,6.0,0.43,16.0,13.0,0.81,7.0,21.0,28.0,49.12,0.76,0.64,0.56,29.17,63.64,20.82,15.45,6.18,8.16,1.38,60.25,60.25,106.63,94.27,12.36,0.43,24.69,1.27,0.67,64.71,77.65,CHA
1998-08-05,Regular,1998,10,13,LAS,Away,Loss,1,61.0,10.0,16.0,200.0,7.0,6.0,21.0,67.0,21.0,0.31,51.0,17.0,4.94,16.0,4.0,0.25,19.0,15.0,0.79,15.0,20.0,35.0,43.75,0.48,0.43,0.34,34.09,55.56,17.51,10.45,8.96,10.53,0.91,30.12,30.12,91.06,108.97,-17.91,0.31,11.81,66.99,0.62,80.39,0.44,12,11,DET,Home,Win,1,73.0,15.0,14.0,200.0,6.0,3.0,20.0,69.0,25.0,0.36,57.0,19.0,12.91,12.0,6.0,0.50,20.0,17.0,0.85,16.0,29.0,45.0,56.25,0.60,0.50,0.41,44.44,65.91,15.25,8.08,4.04,5.88,1.06,51.50,51.50,98.30,82.14,16.16,0.37,16.82,1.07,0.43,74.26,89.11,DET
1998-08-06,Regular,1998,13,9,PHO,Away,Loss,1,64.0,16.0,23.0,200.0,7.0,3.0,19.0,55.0,23.0,0.42,39.0,22.0,6.98,16.0,1.0,0.06,18.0,17.0,0.94,12.0,18.0,30.0,55.56,0.70,0.54,0.43,42.86,69.23,26.77,12.73,5.46,6.52,1.16,35.00,35.00,116.38,136.39,-20.01,0.35,18.59,54.99,0.70,65.99,0.30,22,2,HOU,Home,Win,1,75.0,15.0,19.0,200.0,13.0,1.0,17.0,56.0,28.0,0.50,46.0,25.0,17.95,10.0,3.0,0.30,18.0,16.0,0.89,8.0,16.0,24.0,44.44,0.54,0.63,0.53,30.77,57.14,22.91,18.00,1.38,2.56,1.34,47.75,47.75,103.86,88.63,15.23,0.42,18.27,0.79,0.68,72.21,86.65,HOU
1998-08-06,Regular,1998,14,9,CLE,Away,Win,1,79.0,20.0,7.0,200.0,7.0,2.0,20.0,64.0,30.0,0.47,51.0,27.0,16.95,13.0,3.0,0.23,17.0,16.0,0.94,7.0,18.0,25.0,42.37,0.67,0.58,0.49,24.14,60.00,8.92,10.94,3.13,4.26,1.23,57.12,57.12,123.46,107.83,15.63,0.47,23.95,63.99,2.86,76.79,1.00,7,16,UTA,Home,Loss,1,69.0,14.0,16.0,200.0,4.0,9.0,17.0,56.0,26.0,0.46,47.0,24.0,16.96,9.0,2.0,0.22,22.0,15.0,0.68,12.0,22.0,34.0,57.63,0.54,0.57,0.48,40.00,75.86,19.59,5.76,12.96,17.65,1.23,49.75,49.75,99.32,113.72,-14.40,0.43,18.34,0.88,0.25,69.47,83.36,CLE
1998-08-07,Regular,1998,23,2,HOU,Away,Win,0,61.0,7.0,12.0,200.0,7.0,1.0,13.0,56.0,22.0,0.39,37.0,15.0,2.88,19.0,7.0,0.37,13.0,10.0,0.77,5.0,20.0,25.0,39.06,0.32,0.52,0.46,14.71,66.67,16.28,12.50,1.79,2.00,1.09,30.62,30.62,108.93,101.79,7.14,0.35,10.10,56.00,0.58,67.20,0.58,13,11,DET,Home,Loss,1,57.0,17.0,15.0,200.0,6.0,4.0,15.0,62.0,26.0,0.42,50.0,25.0,13.98,12.0,1.0,0.08,4.0,4.0,1.00,10.0,29.0,39.0,60.94,0.65,0.45,0.43,33.33,85.29,19.05,8.73,5.82,10.81,0.92,45.25,45.25,82.95,88.77,-5.82,0.39,18.43,1.13,0.40,68.72,82.46,HOU
1998-08-07,Regular,1998,2,21,WAS,Away,Loss,2,56.0,18.0,30.0,200.0,6.0,5.0,23.0,62.0,22.0,0.35,44.0,18.0,3.94,18.0,4.0,0.22,14.0,8.0,0.57,12.0,15.0,27.0,45.76,0.82,0.43,0.39,34.29,62.50,30.56,9.68,8.07,10.20,0.90,15.00,15.00,90.34,122.60,-32.26,0.28,17.33,61.99,0.60,74.39,0.20,6,18,SAC,Home,Win,2,76.0,19.0,18.0,200.0,10.0,4.0,13.0,59.0,26.0,0.44,49.0,24.0,15.97,10.0,2.0,0.20,28.0,22.0,0.79,9.0,23.0,32.0,54.24,0.73,0.58,0.46,37.50,65.71,20.15,12.78,5.11,9.09,1.29,56.00,56.00,97.10,71.55,25.55,0.38,22.71,1.06,0.56,78.27,93.92,SAC
1998-08-08,Regular,1998,17,8,CHA,Away,Loss,2,58.0,16.0,19.0,200.0,9.0,3.0,16.0,63.0,25.0,0.40,49.0,21.0,10.94,14.0,4.0,0.29,9.0,4.0,0.44,15.0,26.0,41.0,59.42,0.64,0.45,0.43,44.12,74.29,22.10,14.29,4.76,5.66,0.92,42.88,42.88,92.08,103.19,-11.11,0.37,17.01,62.99,0.84,75.59,0.47,15,9,CLE,Home,Win,1,65.0,19.0,13.0,200.0,13.0,4.0,10.0,65.0,27.0,0.42,53.0,24.0,14.95,12.0,3.0,0.25,10.0,8.0,0.80,9.0,19.0,28.0,40.58,0.70,0.48,0.44,25.71,55.88,15.78,18.86,5.80,8.16,1.00,53.75,53.75,94.30,84.14,10.16,0.39,20.52,1.46,1.00,68.93,82.72,CLE
1998-08-08,Regular,1998,10,14,LAS,Away,Loss,2,62.0,10.0,22.0,200.0,4.0,8.0,24.0,61.0,24.0,0.39,52.0,22.0,14.97,9.0,2.0,0.22,17.0,12.0,0.71,9.0,21.0,30.0,42.86,0.42,0.48,0.41,27.27,56.76,24.31,6.56,13.12,12.12,1.02,22.62,22.62,101.66,131.17,-29.51,0.32,11.69,60.99,0.45,73.19,0.18,14,10,NYL,Home,Win,2,80.0,26.0,17.0,200.0,11.0,3.0,19.0,73.0,32.0,0.44,66.0,29.0,24.96,7.0,3.0,0.43,20.0,13.0,0.65,16.0,24.0,40.0,57.14,0.81,0.52,0.46,43.24,72.73,17.21,13.67,3.73,5.77,1.10,65.25,65.25,99.44,77.07,22.37,0.43,24.25,1.53,0.65,80.45,96.54,NYL
1998-08-08,Regular,1998,7,17,UTA,Away,Loss,1,62.0,11.0,17.0,200.0,7.0,10.0,24.0,49.0,23.0,0.47,45.0,22.0,18.98,4.0,1.0,0.25,22.0,15.0,0.68,3.0,20.0,23.0,34.85,0.48,0.58,0.48,11.11,51.28,22.46,14.29,20.41,21.28,1.27,34.00,34.00,126.53,138.78,-12.25,0.37,16.34,49.00,0.65,58.80,0.41,13,10,PHO,Home,Win,1,68.0,15.0,15.0,200.0,9.0,2.0,18.0,66.0,22.0,0.33,47.0,18.0,2.94,19.0,4.0,0.21,29.0,20.0,0.69,19.0,24.0,43.0,65.15,0.68,0.47,0.36,48.72,88.89,16.00,12.53,2.79,4.44,1.03,46.62,46.62,94.71,86.35,8.36,0.35,18.02,1.00,0.60,71.80,86.16,PHO
1998-08-09,Regular,1998,10,15,LAS,Away,Loss,0,74.0,18.0,14.0,200.0,2.0,3.0,21.0,70.0,28.0,0.40,55.0,23.0,12.93,15.0,5.0,0.33,18.0,13.0,0.72,14.0,25.0,39.0,55.71,0.64,0.50,0.44,37.84,75.76,15.23,2.86,4.29,6.00,1.06,46.00,46.00,105.73,108.59,-2.86,0.40,19.13,69.99,1.29,83.99,0.14,2,22,WAS,Home,Win,1,76.0,13.0,10.0,200.0,9.0,5.0,21.0,61.0,28.0,0.46,50.0,25.0,16.95,11.0,3.0,0.27,26.0,17.0,0.65,8.0,23.0,31.0,44.29,0.46,0.57,0.48,24.24,62.16,12.13,12.45,6.92,9.09,1.25,52.25,52.25,105.13,102.37,2.76,0.44,17.92,1.30,0.90,72.29,86.75,WAS
1998-08-10,Regular,1998,14,10,PHO,Away,Win,1,82.0,23.0,11.0,250.0,12.0,2.0,25.0,78.0,31.0,0.40,63.0,26.0,15.94,15.0,5.0,0.33,18.0,15.0,0.83,4.0,19.0,23.0,33.82,0.74,0.50,0.43,11.43,57.58,11.35,15.38,2.56,3.28,1.05,48.50,38.80,105.13,102.56,2.57,0.36,22.10,78.00,2.09,74.88,1.09,16,9,CLE,Home,Loss,1,80.0,24.0,25.0,250.0,7.0,5.0,20.0,67.0,33.0,0.49,61.0,32.0,26.99,6.0,1.0,0.17,21.0,13.0,0.62,14.0,31.0,45.0,66.18,0.73,0.56,0.50,42.42,88.57,24.69,7.86,5.61,7.94,1.19,60.12,48.10,89.81,92.05,-2.24,0.42,22.48,0.96,0.28,89.08,85.52,PHO
1998-08-10,Regular,1998,17,9,CHA,Away,Loss,1,67.0,12.0,8.0,200.0,4.0,4.0,15.0,63.0,27.0,0.43,49.0,24.0,12.95,14.0,3.0,0.21,16.0,10.0,0.62,8.0,25.0,33.0,51.56,0.44,0.50,0.45,25.81,75.76,10.25,6.35,6.35,8.89,1.06,45.00,45.00,106.37,111.13,-4.76,0.43,15.80,62.99,1.50,75.59,0.50,24,2,HOU,Home,Win,2,70.0,19.0,10.0,200.0,6.0,4.0,17.0,68.0,27.0,0.40,45.0,20.0,3.90,23.0,7.0,0.30,12.0,9.0,0.75,8.0,23.0,31.0,48.44,0.70,0.50,0.45,24.24,74.19,12.01,8.39,5.60,8.16,1.03,50.25,50.25,97.93,93.73,4.20,0.39,20.72,1.90,0.60,71.48,85.78,HOU
1998-08-10,Regular,1998,13,12,DET,Away,Win,2,77.0,19.0,16.0,200.0,4.0,9.0,18.0,64.0,25.0,0.39,54.0,21.0,14.94,10.0,4.0,0.40,36.0,23.0,0.64,15.0,32.0,47.0,60.26,0.76,0.54,0.42,44.12,72.73,16.69,6.25,14.06,13.85,1.20,61.50,61.50,120.33,114.08,6.25,0.38,22.85,63.99,1.19,76.79,0.25,7,18,UTA,Home,Loss,1,73.0,16.0,9.0,200.0,9.0,6.0,28.0,77.0,27.0,0.35,65.0,25.0,14.97,12.0,2.0,0.17,24.0,17.0,0.71,12.0,19.0,31.0,39.74,0.59,0.44,0.36,27.27,55.88,9.32,12.02,8.01,11.11,0.95,40.50,40.50,97.48,102.82,-5.34,0.36,17.50,1.78,1.00,74.89,89.87,DET
1998-08-11,Regular,1998,15,10,PHO,Away,Loss,0,78.0,18.0,22.0,225.0,10.0,0.0,23.0,63.0,29.0,0.46,55.0,26.0,20.95,8.0,3.0,0.38,22.0,17.0,0.77,6.0,15.0,21.0,36.84,0.62,0.57,0.48,19.35,57.69,23.24,15.88,0.00,0.00,1.24,34.25,30.44,123.83,125.42,-1.59,0.37,19.29,62.99,0.82,67.19,0.45,15,10,NYL,Home,Win,2,79.0,20.0,30.0,225.0,17.0,3.0,21.0,56.0,28.0,0.50,46.0,26.0,17.96,10.0,2.0,0.20,31.0,21.0,0.68,11.0,25.0,36.0,63.16,0.71,0.63,0.52,42.31,80.65,30.11,19.05,3.36,5.45,1.41,54.62,48.55,88.52,87.39,1.13,0.37,21.65,0.67,0.57,89.25,95.20,NYL
1998-08-11,Regular,1998,14,12,DET,Away,Win,0,50.0,15.0,22.0,200.0,5.0,3.0,17.0,45.0,18.0,0.40,38.0,15.0,10.93,7.0,3.0,0.43,15.0,11.0,0.73,7.0,21.0,28.0,50.00,0.83,0.52,0.43,28.00,67.74,29.89,11.11,6.67,6.52,1.11,25.88,25.88,111.14,91.13,20.01,0.30,19.89,44.99,0.68,53.99,0.23,7,18,SAC,Home,Loss,3,41.0,13.0,19.0,200.0,8.0,5.0,22.0,56.0,18.0,0.32,46.0,17.0,7.98,10.0,1.0,0.10,7.0,4.0,0.57,10.0,18.0,28.0,50.00,0.72,0.36,0.33,32.26,72.00,24.33,12.64,7.90,13.16,0.73,15.88,15.88,64.79,79.01,-14.22,0.28,15.31,0.68,0.42,63.28,75.94,DET
1998-08-12,Regular,1998,10,16,LAS,Away,Win,2,65.0,18.0,17.0,200.0,7.0,6.0,20.0,64.0,26.0,0.41,56.0,24.0,17.97,8.0,2.0,0.25,21.0,11.0,0.52,14.0,28.0,42.0,59.15,0.69,0.47,0.42,41.18,75.68,18.84,10.94,9.38,12.50,1.02,48.12,48.12,101.58,81.26,20.32,0.39,20.05,63.99,1.06,76.79,0.41,17,10,CHA,Home,Loss,1,52.0,12.0,12.0,200.0,9.0,3.0,18.0,64.0,18.0,0.28,48.0,17.0,1.98,16.0,1.0,0.06,22.0,15.0,0.68,9.0,20.0,29.0,40.85,0.67,0.38,0.29,24.32,58.82,14.01,12.95,4.32,5.36,0.81,22.75,22.75,74.80,93.50,-18.70,0.27,15.32,1.00,0.75,69.52,83.42,LAS
1998-08-12,Regular,1998,7,19,SAC,Away,Loss,0,71.0,18.0,12.0,200.0,11.0,7.0,20.0,76.0,28.0,0.37,63.0,25.0,14.96,13.0,3.0,0.23,17.0,12.0,0.71,15.0,20.0,35.0,46.67,0.64,0.45,0.39,36.59,58.82,12.57,14.48,9.21,12.96,0.93,51.62,51.62,93.43,106.59,-13.16,0.38,18.27,75.99,1.50,91.19,0.92,7,19,UTA,Home,Win,1,81.0,19.0,15.0,200.0,7.0,11.0,20.0,64.0,30.0,0.47,54.0,27.0,19.95,10.0,3.0,0.30,28.0,18.0,0.64,14.0,26.0,40.0,53.33,0.63,0.58,0.49,41.18,63.41,16.43,9.04,14.20,17.46,1.27,68.00,68.00,104.56,91.65,12.91,0.46,22.18,1.27,0.47,77.47,92.96,UTA
1998-08-12,Regular,1998,16,10,CLE,Away,Win,1,75.0,18.0,20.0,200.0,13.0,4.0,14.0,56.0,24.0,0.43,40.0,17.0,7.88,16.0,7.0,0.44,28.0,20.0,0.71,4.0,28.0,32.0,47.76,0.75,0.60,0.49,12.12,82.35,22.64,23.21,7.14,10.53,1.34,55.50,55.50,133.93,98.21,35.72,0.33,22.04,56.00,0.90,67.20,0.65,3,22,WAS,Home,Loss,2,55.0,13.0,27.0,200.0,12.0,2.0,26.0,58.0,20.0,0.34,38.0,17.0,-0.05,20.0,3.0,0.15,15.0,12.0,0.80,6.0,29.0,35.0,52.24,0.65,0.45,0.37,17.65,87.88,29.48,14.28,2.38,5.00,0.95,20.62,20.62,65.45,89.25,-23.80,0.25,14.22,0.48,0.44,84.03,100.84,CLE
1998-08-13,Regular,1998,3,23,WAS,Away,Loss,0,45.0,7.0,18.0,200.0,18.0,0.0,22.0,65.0,18.0,0.28,49.0,18.0,2.00,16.0,0.0,0.00,15.0,9.0,0.60,11.0,8.0,19.0,30.65,0.39,0.33,0.28,28.21,34.78,20.09,27.70,0.00,0.00,0.69,3.62,3.62,69.24,135.41,-66.17,0.25,8.39,64.99,0.39,77.99,1.00,16,10,NYL,Home,Win,1,88.0,26.0,26.0,200.0,11.0,3.0,19.0,57.0,33.0,0.58,51.0,31.0,26.96,6.0,2.0,0.33,25.0,20.0,0.80,15.0,28.0,43.0,69.35,0.79,0.70,0.60,65.22,71.79,27.66,13.09,3.57,6.12,1.54,76.38,76.38,104.71,53.55,51.16,0.49,26.53,1.00,0.42,84.04,100.85,NYL
1998-08-14,Regular,1998,17,10,CLE,Away,Win,1,85.0,16.0,17.0,200.0,11.0,2.0,17.0,55.0,27.0,0.49,43.0,22.0,14.91,12.0,5.0,0.42,28.0,26.0,0.93,7.0,17.0,24.0,38.71,0.59,0.69,0.54,26.92,47.22,20.16,20.00,3.64,4.08,1.55,56.50,56.50,154.57,130.93,23.64,0.42,21.14,54.99,0.94,65.99,0.65,17,11,CHA,Home,Loss,1,72.0,18.0,21.0,200.0,13.0,2.0,26.0,69.0,30.0,0.43,49.0,25.0,9.93,20.0,5.0,0.25,17.0,7.0,0.41,19.0,19.0,38.0,61.29,0.60,0.49,0.47,52.78,73.08,21.54,17.12,2.63,4.65,1.04,46.12,46.12,94.82,111.95,-17.13,0.42,17.91,0.86,0.62,75.93,91.12,CLE
1998-08-14,Regular,1998,8,19,UTA,Away,Loss,1,67.0,16.0,22.0,200.0,7.0,6.0,20.0,71.0,24.0,0.34,54.0,19.0,6.93,17.0,5.0,0.29,19.0,14.0,0.74,13.0,20.0,33.0,43.42,0.67,0.45,0.37,30.23,60.61,21.70,9.86,8.45,10.00,0.94,31.62,31.62,94.38,122.55,-28.17,0.30,15.90,70.99,0.73,85.19,0.32,11,16,LAS,Home,Win,1,87.0,24.0,19.0,200.0,10.0,5.0,18.0,69.0,35.0,0.51,60.0,33.0,25.97,9.0,2.0,0.22,21.0,15.0,0.71,13.0,30.0,43.0,56.58,0.69,0.59,0.52,39.39,69.77,19.54,11.71,5.85,9.26,1.26,73.88,73.88,101.87,78.45,23.42,0.47,23.36,1.26,0.53,85.40,102.48,LAS
1998-08-14,Regular,1998,15,12,DET,Away,Loss,2,59.0,9.0,24.0,200.0,7.0,2.0,22.0,59.0,19.0,0.32,47.0,17.0,6.97,12.0,2.0,0.17,25.0,19.0,0.76,12.0,19.0,31.0,56.36,0.47,0.46,0.34,38.71,79.17,25.53,11.87,3.39,5.56,1.00,14.62,14.62,100.02,142.40,-42.38,0.27,11.11,58.99,0.38,70.79,0.29,15,11,PHO,Home,Win,2,84.0,22.0,15.0,200.0,9.0,6.0,23.0,58.0,27.0,0.47,36.0,20.0,4.88,22.0,7.0,0.32,27.0,23.0,0.85,5.0,19.0,24.0,43.64,0.81,0.66,0.53,20.83,61.29,17.67,11.71,7.80,12.77,1.45,60.12,60.12,109.25,76.73,32.52,0.40,26.47,1.47,0.60,76.89,92.27,PHO
1998-08-15,Regular,1998,3,24,WAS,Away,Loss,1,71.0,25.0,14.0,200.0,11.0,3.0,20.0,65.0,30.0,0.46,45.0,24.0,9.91,20.0,6.0,0.30,11.0,5.0,0.45,8.0,20.0,28.0,43.08,0.83,0.53,0.51,23.53,64.52,16.70,16.93,4.62,6.52,1.09,56.12,56.12,109.25,138.48,-29.23,0.42,25.21,64.99,1.79,77.99,0.79,18,10,CLE,Home,Win,0,90.0,28.0,15.0,200.0,7.0,1.0,14.0,64.0,33.0,0.52,46.0,25.0,14.88,18.0,8.0,0.44,22.0,16.0,0.73,11.0,26.0,37.0,56.92,0.85,0.65,0.58,35.48,76.47,16.91,8.98,1.28,2.22,1.41,78.25,78.25,115.47,91.10,24.37,0.49,28.77,1.87,0.47,77.94,93.53,CLE
1998-08-15,Regular,1998,25,2,HOU,Away,Loss,4,54.0,5.0,12.0,200.0,9.0,1.0,17.0,62.0,19.0,0.31,43.0,14.0,-0.08,19.0,5.0,0.26,12.0,11.0,0.92,10.0,15.0,25.0,37.88,0.26,0.42,0.35,26.32,53.57,15.14,14.52,1.61,2.56,0.87,18.75,18.75,87.11,112.92,-25.81,0.30,6.78,61.99,0.42,74.39,0.75,17,10,NYL,Home,Win,1,70.0,20.0,19.0,200.0,10.0,1.0,18.0,52.0,25.0,0.48,39.0,20.0,11.90,13.0,5.0,0.38,22.0,15.0,0.68,13.0,28.0,41.0,62.12,0.80,0.62,0.53,46.43,73.68,23.55,14.16,1.42,2.33,1.35,59.75,59.75,99.09,76.44,22.65,0.43,24.59,1.05,0.53,70.64,84.77,NYL
1998-08-15,Regular,1998,8,20,UTA,Away,Loss,0,55.0,19.0,21.0,200.0,4.0,5.0,21.0,59.0,23.0,0.39,50.0,22.0,13.98,9.0,1.0,0.11,14.0,8.0,0.57,9.0,29.0,38.0,46.91,0.83,0.44,0.40,23.08,69.05,24.37,6.78,8.48,8.20,0.93,32.75,32.75,93.24,139.01,-45.77,0.32,20.47,58.99,0.90,70.79,0.19,7,20,SAC,Home,Win,2,82.0,22.0,12.0,200.0,12.0,3.0,16.0,67.0,32.0,0.48,61.0,31.0,25.99,6.0,1.0,0.17,30.0,17.0,0.57,13.0,30.0,43.0,53.09,0.69,0.56,0.49,30.95,76.92,13.02,15.06,3.77,6.00,1.22,73.00,73.00,102.91,69.03,33.88,0.48,25.06,1.83,1.00,79.68,95.62,SAC
1998-08-16,Regular,1998,15,13,DET,Away,Win,1,77.0,19.0,11.0,200.0,3.0,2.0,20.0,65.0,27.0,0.42,56.0,22.0,17.92,9.0,5.0,0.56,21.0,18.0,0.86,7.0,26.0,33.0,49.25,0.70,0.55,0.45,21.88,74.29,12.90,4.62,3.08,3.39,1.18,49.88,49.88,118.48,116.94,1.54,0.39,22.15,64.99,1.73,77.99,0.27,12,16,LAS,Home,Loss,1,76.0,21.0,11.0,200.0,3.0,4.0,25.0,73.0,32.0,0.44,59.0,29.0,17.96,14.0,3.0,0.21,15.0,9.0,0.60,9.0,25.0,34.0,50.75,0.66,0.50,0.46,25.71,78.12,12.14,3.83,5.10,7.14,1.04,47.88,47.88,96.95,98.23,-1.28,0.43,21.34,1.91,0.27,78.39,94.07,DET
1998-08-16,Regular,1998,16,11,PHO,Away,Win,1,85.0,20.0,16.0,200.0,8.0,4.0,19.0,63.0,32.0,0.51,49.0,27.0,17.92,14.0,5.0,0.36,21.0,16.0,0.76,10.0,21.0,31.0,52.54,0.62,0.63,0.55,41.67,60.00,18.13,12.70,6.35,7.69,1.35,62.12,62.12,134.94,109.54,25.40,0.46,22.28,62.99,1.25,75.59,0.50,8,20,SAC,Home,Loss,0,69.0,21.0,18.0,200.0,13.0,4.0,22.0,61.0,29.0,0.48,52.0,24.0,19.92,9.0,5.0,0.56,19.0,6.0,0.32,14.0,14.0,28.0,47.46,0.72,0.53,0.52,40.00,58.33,20.60,18.71,5.76,8.16,1.13,49.62,49.62,99.31,122.34,-23.03,0.45,22.92,1.17,0.72,69.48,83.38,PHO
1998-08-17,Regular,1998,19,10,CLE,Away,Win,1,70.0,14.0,23.0,200.0,8.0,2.0,21.0,46.0,25.0,0.54,38.0,21.0,16.91,8.0,4.0,0.50,19.0,16.0,0.84,4.0,24.0,28.0,59.57,0.56,0.70,0.59,25.00,77.42,29.73,17.40,4.35,4.65,1.52,40.88,40.88,152.21,139.16,13.05,0.38,18.76,45.99,0.61,55.19,0.35,18,10,NYL,Home,Loss,1,64.0,15.0,18.0,200.0,14.0,2.0,18.0,52.0,22.0,0.42,43.0,20.0,12.96,9.0,2.0,0.22,23.0,18.0,0.78,7.0,12.0,19.0,40.43,0.68,0.56,0.44,22.58,75.00,22.47,20.78,2.97,5.26,1.23,36.38,36.38,95.00,103.90,-8.90,0.35,20.03,0.83,0.78,67.37,80.84,CLE
1998-08-17,Regular,1998,17,11,PHO,Away,Win,0,75.0,21.0,12.0,200.0,10.0,3.0,19.0,70.0,27.0,0.39,51.0,20.0,7.90,19.0,7.0,0.37,19.0,14.0,0.74,14.0,23.0,37.0,47.44,0.78,0.51,0.44,35.90,58.97,13.28,14.29,4.29,5.17,1.07,59.12,59.12,107.16,91.44,15.72,0.40,22.19,69.99,1.75,83.99,0.83,8,21,UTA,Home,Loss,1,64.0,11.0,19.0,200.0,7.0,3.0,19.0,61.0,24.0,0.39,58.0,24.0,21.00,3.0,0.0,0.00,24.0,16.0,0.67,16.0,25.0,41.0,52.56,0.46,0.48,0.39,41.03,64.10,20.98,9.44,4.05,5.88,1.05,36.50,36.50,86.31,101.15,-14.84,0.38,13.67,0.58,0.37,74.15,88.98,PHO
1998-08-17,Regular,1998,25,3,HOU,Away,Loss,1,110.0,26.0,13.0,200.0,16.0,7.0,19.0,72.0,41.0,0.57,53.0,35.0,21.92,19.0,6.0,0.32,24.0,22.0,0.92,14.0,27.0,41.0,60.29,0.63,0.71,0.61,50.00,67.50,13.60,22.23,9.72,14.00,1.53,107.75,107.75,152.80,90.29,62.51,0.58,25.89,71.99,2.00,86.39,1.23,3,25,WAS,Home,Win,1,65.0,10.0,21.0,200.0,6.0,4.0,22.0,69.0,25.0,0.36,50.0,24.0,5.99,19.0,1.0,0.05,19.0,14.0,0.74,13.0,14.0,27.0,39.71,0.40,0.44,0.37,32.50,50.00,21.35,8.01,5.34,7.55,0.94,17.62,17.62,86.75,146.80,-60.05,0.32,10.91,0.48,0.29,74.93,89.92,WAS
1998-08-19,Regular,1998,18,11,NYL,Away,Loss,1,68.0,16.0,16.0,200.0,9.0,4.0,27.0,62.0,25.0,0.40,46.0,18.0,8.89,16.0,7.0,0.44,14.0,11.0,0.79,10.0,17.0,27.0,45.76,0.64,0.52,0.46,30.30,65.38,19.01,14.52,6.45,7.41,1.10,38.50,38.50,109.70,132.28,-22.58,0.37,18.21,61.99,1.00,74.39,0.56,16,13,DET,Home,Win,2,82.0,12.0,14.0,200.0,7.0,4.0,14.0,58.0,28.0,0.48,54.0,27.0,23.98,4.0,1.0,0.25,27.0,25.0,0.93,9.0,23.0,32.0,54.24,0.43,0.64,0.49,34.62,69.70,16.69,9.49,5.42,8.70,1.41,56.62,56.62,111.16,92.18,18.98,0.44,16.64,0.86,0.50,73.77,88.52,DET
1998-08-19,Regular,1998,12,17,LAS,Away,Loss,2,71.0,17.0,20.0,200.0,5.0,4.0,19.0,58.0,28.0,0.48,39.0,18.0,8.83,19.0,10.0,0.53,5.0,5.0,1.00,5.0,18.0,23.0,43.40,0.61,0.60,0.57,19.23,66.67,24.94,8.62,6.90,11.11,1.22,40.62,40.62,122.43,137.95,-15.52,0.38,18.32,57.99,0.85,69.59,0.25,25,4,HOU,Home,Win,1,80.0,20.0,15.0,200.0,13.0,0.0,15.0,58.0,27.0,0.47,36.0,20.0,4.88,22.0,7.0,0.32,21.0,19.0,0.90,9.0,21.0,30.0,56.60,0.74,0.64,0.53,33.33,80.77,18.24,18.19,0.00,0.00,1.38,63.88,63.88,111.97,99.37,12.60,0.42,23.88,1.33,0.87,71.45,85.74,HOU
1998-08-19,Regular,1998,8,21,SAC,Away,Loss,2,62.0,6.0,24.0,200.0,6.0,3.0,25.0,48.0,23.0,0.48,45.0,23.0,20.00,3.0,0.0,0.00,24.0,16.0,0.67,11.0,25.0,36.0,52.17,0.26,0.58,0.48,40.74,59.52,29.07,12.50,6.25,5.17,1.29,25.25,25.25,129.19,147.95,-18.76,0.38,8.90,47.99,0.25,57.59,0.25,18,11,PHO,Home,Win,1,71.0,14.0,9.0,200.0,13.0,3.0,16.0,69.0,23.0,0.33,58.0,21.0,11.97,11.0,2.0,0.18,28.0,23.0,0.82,17.0,16.0,33.0,47.83,0.61,0.47,0.35,40.48,59.26,9.96,20.36,4.70,6.67,1.03,50.75,50.75,111.22,97.12,14.10,0.38,17.57,1.56,1.44,63.84,76.61,PHO
1998-08-19,Regular,1998,17,12,CHA,Away,Loss,4,105.0,31.0,13.0,200.0,10.0,4.0,19.0,64.0,40.0,0.62,49.0,32.0,24.88,15.0,8.0,0.53,22.0,17.0,0.77,5.0,30.0,35.0,56.45,0.78,0.76,0.69,29.41,66.67,15.00,15.63,6.25,8.00,1.64,98.75,98.75,164.09,107.83,56.26,0.56,31.53,63.99,2.38,76.79,0.77,4,25,WAS,Home,Win,1,69.0,19.0,17.0,200.0,8.0,3.0,17.0,70.0,26.0,0.37,50.0,21.0,5.93,20.0,5.0,0.25,20.0,12.0,0.60,15.0,12.0,27.0,43.55,0.73,0.46,0.41,33.33,70.59,17.75,11.62,4.36,6.12,0.99,37.50,37.50,100.23,152.53,-52.30,0.36,19.55,1.12,0.47,68.84,82.61,WAS
1998-08-22,Playoffs,1998,26,4,HOU,Away,Win,2,85.0,17.0,15.0,200.0,7.0,2.0,15.0,59.0,31.0,0.53,35.0,25.0,6.90,24.0,6.0,0.25,20.0,17.0,0.85,10.0,25.0,35.0,63.64,0.55,0.67,0.58,40.00,83.33,18.12,11.87,3.39,3.85,1.44,65.50,65.50,144.09,120.36,23.73,0.48,20.68,58.99,1.13,70.79,0.47,17,13,CHA,Home,Loss,2,71.0,16.0,12.0,200.0,9.0,3.0,21.0,65.0,30.0,0.46,52.0,28.0,16.97,13.0,2.0,0.15,12.0,9.0,0.75,5.0,15.0,20.0,36.36,0.53,0.52,0.48,16.67,60.00,14.58,12.42,4.14,8.57,1.09,39.50,39.50,98.01,117.34,-19.33,0.42,18.24,1.33,0.75,72.44,86.93,HOU
1998-08-22,Playoffs,1998,20,10,CLE,Away,Loss,4,68.0,16.0,18.0,200.0,11.0,1.0,21.0,60.0,25.0,0.42,51.0,23.0,15.97,9.0,2.0,0.22,17.0,16.0,0.94,12.0,19.0,31.0,55.36,0.64,0.53,0.43,42.86,67.86,21.06,18.34,1.67,2.00,1.13,42.38,42.38,113.35,130.02,-16.67,0.38,18.49,59.99,0.89,71.99,0.61,19,11,PHO,Home,Win,2,78.0,19.0,15.0,200.0,7.0,1.0,20.0,60.0,29.0,0.48,50.0,25.0,18.93,10.0,4.0,0.40,16.0,16.0,1.00,9.0,16.0,25.0,44.64,0.66,0.61,0.52,32.14,57.14,18.28,10.08,1.44,1.96,1.30,50.00,50.00,112.29,97.90,14.39,0.44,21.85,1.27,0.47,69.46,83.35,PHO
1998-08-24,Playoffs,1998,20,11,PHO,Away,Loss,1,66.0,20.0,19.0,200.0,8.0,2.0,19.0,55.0,25.0,0.45,46.0,20.0,15.91,9.0,5.0,0.56,13.0,11.0,0.85,7.0,26.0,33.0,47.14,0.80,0.57,0.50,30.43,55.32,23.83,14.55,3.64,3.08,1.20,47.88,47.88,120.02,121.84,-1.82,0.37,22.66,54.99,1.05,65.99,0.42,20,11,CLE,Home,Win,1,67.0,18.0,12.0,200.0,9.0,3.0,21.0,73.0,25.0,0.34,65.0,23.0,16.97,8.0,2.0,0.25,19.0,15.0,0.79,21.0,16.0,37.0,52.86,0.72,0.43,0.36,44.68,69.57,12.85,14.18,4.73,6.52,0.92,45.62,45.62,105.59,104.02,1.57,0.39,19.02,1.50,0.75,63.45,76.14,CLE
1998-08-24,Playoffs,1998,17,14,CHA,Away,Loss,1,61.0,18.0,14.0,200.0,9.0,3.0,17.0,66.0,25.0,0.38,52.0,22.0,10.95,14.0,3.0,0.21,18.0,8.0,0.44,13.0,21.0,34.0,47.22,0.72,0.44,0.40,29.55,75.00,15.92,13.64,4.55,7.32,0.92,41.00,41.00,92.44,116.68,-24.24,0.37,19.98,65.99,1.29,79.19,0.64,27,4,HOU,Home,Win,1,77.0,18.0,15.0,200.0,8.0,6.0,17.0,58.0,28.0,0.48,41.0,22.0,10.90,17.0,6.0,0.35,20.0,15.0,0.75,7.0,31.0,38.0,52.78,0.64,0.62,0.53,25.00,70.45,18.34,10.65,7.99,11.54,1.33,64.75,64.75,102.54,81.24,21.30,0.42,21.90,1.20,0.53,75.09,90.11,HOU
1998-08-25,Playoffs,1998,20,12,PHO,Away,Win,0,71.0,18.0,8.0,200.0,10.0,2.0,21.0,67.0,27.0,0.40,54.0,23.0,13.94,13.0,4.0,0.31,19.0,13.0,0.68,14.0,24.0,38.0,56.72,0.67,0.50,0.43,36.84,82.76,9.60,14.93,2.99,4.35,1.06,57.12,57.12,105.99,89.57,16.42,0.44,21.27,66.99,2.25,80.39,1.25,21,11,CLE,Home,Loss,0,60.0,16.0,15.0,200.0,6.0,2.0,17.0,53.0,22.0,0.42,46.0,20.0,14.96,7.0,2.0,0.29,19.0,14.0,0.74,5.0,24.0,29.0,43.28,0.73,0.52,0.43,17.24,63.16,19.64,8.59,2.86,3.70,1.13,36.62,36.62,85.86,101.60,-15.74,0.35,21.15,1.07,0.40,69.88,83.86,PHO
1998-08-27,Playoffs,1998,28,4,HOU,Away,Loss,2,51.0,14.0,10.0,200.0,10.0,4.0,16.0,65.0,21.0,0.32,48.0,18.0,3.95,17.0,3.0,0.18,8.0,6.0,0.75,10.0,22.0,32.0,43.84,0.67,0.38,0.35,26.32,62.86,12.74,15.39,6.15,8.00,0.78,35.75,35.75,78.47,83.09,-4.62,0.32,16.38,64.99,1.40,77.99,1.00,21,12,PHO,Home,Win,1,54.0,14.0,14.0,200.0,7.0,5.0,15.0,63.0,22.0,0.35,50.0,19.0,8.95,13.0,3.0,0.23,11.0,7.0,0.64,13.0,28.0,41.0,56.16,0.64,0.41,0.37,37.14,73.68,17.11,10.37,7.41,10.42,0.86,41.12,41.12,80.01,75.57,4.44,0.34,16.25,1.00,0.50,67.49,80.99,PHO
1998-08-29,Playoffs,1998,22,12,PHO,Away,Loss,1,69.0,11.0,15.0,225.0,7.0,5.0,24.0,63.0,24.0,0.38,48.0,17.0,8.89,15.0,7.0,0.47,19.0,14.0,0.74,8.0,25.0,33.0,47.83,0.46,0.51,0.44,23.53,71.43,17.37,11.11,7.94,9.43,1.10,37.38,33.23,109.54,117.48,-7.94,0.34,13.64,62.99,0.73,67.19,0.47,28,5,HOU,Home,Win,1,74.0,16.0,14.0,225.0,10.0,5.0,17.0,65.0,28.0,0.43,53.0,25.0,15.95,12.0,3.0,0.25,21.0,15.0,0.71,10.0,26.0,36.0,52.17,0.57,0.53,0.45,28.57,76.47,15.87,13.09,6.54,10.42,1.14,55.38,49.23,96.86,90.31,6.55,0.41,18.66,1.14,0.71,76.40,81.49,HOU
1998-09-01,Playoffs,1998,22,13,PHO,Away,Loss,2,71.0,18.0,13.0,200.0,5.0,4.0,17.0,61.0,29.0,0.48,48.0,26.0,15.95,13.0,3.0,0.23,14.0,10.0,0.71,7.0,17.0,24.0,50.00,0.62,0.55,0.50,25.00,85.00,16.22,8.20,6.56,10.00,1.16,45.25,45.25,116.41,131.17,-14.76,0.43,20.97,60.99,1.38,73.19,0.38,29,5,HOU,Home,Win,2,80.0,18.0,14.0,200.0,6.0,4.0,12.0,54.0,28.0,0.52,40.0,21.0,13.87,14.0,7.0,0.50,20.0,17.0,0.85,3.0,21.0,24.0,50.00,0.64,0.68,0.58,15.00,75.00,18.23,8.27,5.52,8.33,1.48,58.75,58.75,110.31,97.90,12.41,0.43,23.32,1.29,0.43,72.52,87.02,HOU
